"Run","Step","Num_Customers","Store"
1,1,150.2115,"baltimore"
1,2,98.7966333333333,"baltimore"
1,3,107.4445,"baltimore"
1,4,131.681166666667,"baltimore"
1,5,175.077066666667,"baltimore"
1,6,180.490266666667,"baltimore"
1,7,202.8266,"baltimore"
2,1,76.1455666666666,"baltimore"
2,2,97.8810666666666,"baltimore"
2,3,145.572666666667,"baltimore"
2,4,235.793966666667,"baltimore"
2,5,200.4648,"baltimore"
2,6,98.0217666666667,"baltimore"
2,7,84.7696000000001,"baltimore"
3,1,152.619433333333,"baltimore"
3,2,249.6074,"baltimore"
3,3,193.688466666667,"baltimore"
3,4,95.9729333333333,"baltimore"
3,5,84.7598666666667,"baltimore"
3,6,88.4953,"baltimore"
3,7,100.438733333333,"baltimore"
4,1,150.327333333333,"baltimore"
4,2,88.0543,"baltimore"
4,3,82.726,"baltimore"
4,4,86.3641,"baltimore"
4,5,103.346266666667,"baltimore"
4,6,164.774566666667,"baltimore"
4,7,230.9278,"baltimore"
5,1,76.941,"baltimore"
5,2,86.9101,"baltimore"
5,3,115.536666666667,"baltimore"
5,4,262.362533333333,"baltimore"
5,5,230.859233333333,"baltimore"
5,6,151.1472,"baltimore"
5,7,87.8713,"baltimore"
6,1,111.912833333333,"baltimore"
6,2,235.208666666667,"baltimore"
6,3,238.0327,"baltimore"
6,4,171.730333333333,"baltimore"
6,5,93.3062666666666,"baltimore"
6,6,87.7344666666667,"baltimore"
6,7,95.2832,"baltimore"
7,1,210.940966666667,"baltimore"
7,2,119.863666666667,"baltimore"
7,3,84.6338333333333,"baltimore"
7,4,84.0847666666667,"baltimore"
7,5,89.3761,"baltimore"
7,6,107.041533333333,"baltimore"
7,7,205.355266666667,"baltimore"
8,1,84.0412333333333,"baltimore"
8,2,83.2338333333333,"baltimore"
8,3,91.9938,"baltimore"
8,4,114.540433333333,"baltimore"
8,5,275.6745,"baltimore"
8,6,254.423866666667,"baltimore"
8,7,174.133,"baltimore"
9,1,121.786033333333,"baltimore"
9,2,161.1757,"baltimore"
9,3,247.6903,"baltimore"
9,4,256.604133333333,"baltimore"
9,5,141.958,"baltimore"
9,6,134.750466666667,"baltimore"
9,7,158.430766666667,"baltimore"
10,1,375.555766666667,"baltimore"
10,2,281.8156,"baltimore"
10,3,144.541733333333,"baltimore"
10,4,149.9644,"baltimore"
10,5,196.953566666667,"baltimore"
10,6,196.967233333333,"baltimore"
10,7,214.374233333333,"baltimore"
11,1,131.310533333333,"baltimore"
11,2,153.4623,"baltimore"
11,3,184.629466666667,"baltimore"
11,4,186.298933333333,"baltimore"
11,5,206.1325,"baltimore"
11,6,178.6727,"baltimore"
11,7,162.856266666667,"baltimore"
12,1,124.973666666667,"baltimore"
12,2,175.1777,"baltimore"
12,3,220.676066666667,"baltimore"
12,4,210.2798,"baltimore"
12,5,189.891833333333,"baltimore"
12,6,120.701133333333,"baltimore"
12,7,123.6618,"baltimore"
13,1,161.326666666667,"baltimore"
13,2,212.7124,"baltimore"
13,3,213.168666666667,"baltimore"
13,4,122.185166666667,"baltimore"
13,5,101.725666666667,"baltimore"
13,6,104.604233333333,"baltimore"
13,7,114.019966666667,"baltimore"
14,1,215.089966666667,"baltimore"
14,2,125.377433333333,"baltimore"
14,3,100.6616,"baltimore"
14,4,103.3781,"baltimore"
14,5,106.2737,"baltimore"
14,6,124.187433333333,"baltimore"
14,7,171.732766666667,"baltimore"
15,1,91.1977666666667,"baltimore"
15,2,99.6879333333333,"baltimore"
15,3,107.807833333333,"baltimore"
15,4,127.782533333333,"baltimore"
15,5,194.433533333333,"baltimore"
15,6,168.739033333333,"baltimore"
15,7,105.732533333333,"baltimore"
16,1,124.714966666667,"baltimore"
16,2,143.1367,"baltimore"
16,3,193.664433333333,"baltimore"
16,4,178.0923,"baltimore"
16,5,120.386533333333,"baltimore"
16,6,118.571333333333,"baltimore"
16,7,123.214566666667,"baltimore"
17,1,190.834166666667,"baltimore"
17,2,182.0319,"baltimore"
17,3,114.017466666667,"baltimore"
17,4,116.656533333333,"baltimore"
17,5,118.006866666667,"baltimore"
17,6,124.941933333333,"baltimore"
17,7,154.709433333333,"baltimore"
18,1,138.048033333333,"baltimore"
18,2,122.470233333333,"baltimore"
18,3,130.782933333333,"baltimore"
18,4,150.4264,"baltimore"
18,5,172.5438,"baltimore"
18,6,190.120633333333,"baltimore"
18,7,198.0322,"baltimore"
19,1,135.7734,"baltimore"
19,2,156.332,"baltimore"
19,3,175.977266666667,"baltimore"
19,4,177.854466666667,"baltimore"
19,5,170.8708,"baltimore"
19,6,137.4057,"baltimore"
19,7,134.489133333333,"baltimore"
20,1,198.942933333333,"baltimore"
20,2,186.556366666667,"baltimore"
20,3,161.858766666667,"baltimore"
20,4,140.8146,"baltimore"
20,5,143.913533333333,"baltimore"
20,6,165.5052,"baltimore"
20,7,162.971533333333,"baltimore"
21,1,253.798433333333,"baltimore"
21,2,224.423066666667,"baltimore"
21,3,159.410433333333,"baltimore"
21,4,176.8703,"baltimore"
21,5,197.248366666667,"baltimore"
21,6,188.091,"baltimore"
21,7,202.025833333333,"baltimore"
22,1,248.577466666667,"baltimore"
22,2,233.9268,"baltimore"
22,3,288.777233333333,"baltimore"
22,4,297.622633333333,"baltimore"
22,5,311.859,"baltimore"
22,6,317.2727,"baltimore"
22,7,320.8281,"baltimore"
23,1,189.7863,"baltimore"
23,2,178.891633333333,"baltimore"
23,3,200.920866666667,"baltimore"
23,4,210.6962,"baltimore"
23,5,237.9201,"baltimore"
23,6,247.685766666667,"baltimore"
23,7,193.634033333333,"baltimore"
24,1,202.6123,"baltimore"
24,2,223.121866666667,"baltimore"
24,3,236.932333333333,"baltimore"
24,4,287.882366666667,"baltimore"
24,5,277.347666666666,"baltimore"
24,6,320.5448,"baltimore"
24,7,280.6934,"baltimore"
25,1,223.8916,"baltimore"
25,2,173.828466666667,"baltimore"
25,3,194.143033333333,"baltimore"
25,4,191.2384,"baltimore"
25,5,197.4665,"baltimore"
25,6,196.721,"baltimore"
25,7,181.986633333333,"baltimore"
26,1,190.654433333333,"baltimore"
26,2,198.3693,"baltimore"
26,3,189.1012,"baltimore"
26,4,184.521033333333,"baltimore"
26,5,199.357966666667,"baltimore"
26,6,187.487733333333,"baltimore"
26,7,179.526266666667,"baltimore"
27,1,163.340833333333,"baltimore"
27,2,167.2602,"baltimore"
27,3,225.391466666667,"baltimore"
27,4,216.110866666667,"baltimore"
27,5,187.302133333333,"baltimore"
27,6,141.9027,"baltimore"
27,7,141.949733333333,"baltimore"
28,1,197.409366666667,"baltimore"
28,2,209.846566666666,"baltimore"
28,3,176.494466666667,"baltimore"
28,4,135.814766666667,"baltimore"
28,5,139.797033333333,"baltimore"
28,6,155.488233333333,"baltimore"
28,7,166.7448,"baltimore"
29,1,121.653733333333,"baltimore"
29,2,123.847966666667,"baltimore"
29,3,166.176133333333,"baltimore"
29,4,174.8269,"baltimore"
29,5,180.632966666667,"baltimore"
29,6,113.0283,"baltimore"
29,7,116.193066666667,"baltimore"
30,1,109.574433333333,"baltimore"
30,2,152.693766666667,"baltimore"
30,3,239.7078,"baltimore"
30,4,183.0168,"baltimore"
30,5,93.7786666666667,"baltimore"
30,6,92.9234,"baltimore"
30,7,105.170033333333,"baltimore"
31,1,188.157466666667,"baltimore"
31,2,134.989033333333,"baltimore"
31,3,90.1423333333333,"baltimore"
31,4,73.9437333333333,"baltimore"
31,5,78.9586333333333,"baltimore"
31,6,90.2994333333333,"baltimore"
31,7,112.843333333333,"baltimore"
32,1,89.0230333333333,"baltimore"
32,2,77.0549333333333,"baltimore"
32,3,79.2118,"baltimore"
32,4,84.8237666666667,"baltimore"
32,5,112.551133333333,"baltimore"
32,6,164.201066666667,"baltimore"
32,7,143.551566666667,"baltimore"
33,1,70.9384666666667,"baltimore"
33,2,76.3196,"baltimore"
33,3,110.5847,"baltimore"
33,4,193.300133333333,"baltimore"
33,5,125.667,"baltimore"
33,6,77.3188666666667,"baltimore"
33,7,74.2817666666667,"baltimore"
34,1,107.839933333333,"baltimore"
34,2,189.170666666667,"baltimore"
34,3,124.065366666667,"baltimore"
34,4,78.5466333333333,"baltimore"
34,5,72.6794,"baltimore"
34,6,75.6796333333333,"baltimore"
34,7,86.2531666666666,"baltimore"
35,1,376.2613,"baltimore"
35,2,232.633933333333,"baltimore"
35,3,117.2292,"baltimore"
35,4,90.7334333333333,"baltimore"
35,5,100.957033333333,"baltimore"
35,6,118.4073,"baltimore"
35,7,158.1114,"baltimore"
36,1,153.061433333333,"baltimore"
36,2,97.0249666666667,"baltimore"
36,3,101.9273,"baltimore"
36,4,119.736566666667,"baltimore"
36,5,162.686566666667,"baltimore"
36,6,174.088066666667,"baltimore"
36,7,208.106466666667,"baltimore"
37,1,82.9331333333333,"baltimore"
37,2,100.905,"baltimore"
37,3,145.6052,"baltimore"
37,4,242.888333333333,"baltimore"
37,5,205.487866666667,"baltimore"
37,6,108.092233333333,"baltimore"
37,7,93.2174333333334,"baltimore"
38,1,138.254066666667,"baltimore"
38,2,161.2224,"baltimore"
38,3,132.4012,"baltimore"
38,4,76.0979,"baltimore"
38,5,77.2709666666667,"baltimore"
38,6,81.2781333333333,"baltimore"
38,7,99.9226666666667,"baltimore"
39,1,118.810066666667,"baltimore"
39,2,79.3557999999999,"baltimore"
39,3,81.7614666666667,"baltimore"
39,4,88.3652666666667,"baltimore"
39,5,102.160333333333,"baltimore"
39,6,131.7863,"baltimore"
39,7,181.305233333333,"baltimore"
40,1,76.6748,"baltimore"
40,2,87.5237333333334,"baltimore"
40,3,114.0773,"baltimore"
40,4,196.0598,"baltimore"
40,5,142.6195,"baltimore"
40,6,87.1437333333333,"baltimore"
40,7,82.0561,"baltimore"
41,1,106.788433333333,"baltimore"
41,2,198.740833333333,"baltimore"
41,3,137.666166666667,"baltimore"
41,4,84.0354666666666,"baltimore"
41,5,72.0478,"baltimore"
41,6,77.2579,"baltimore"
41,7,88.4844,"baltimore"
42,1,141.963633333333,"baltimore"
42,2,104.842466666667,"baltimore"
42,3,66.5873666666667,"baltimore"
42,4,69.9960666666667,"baltimore"
42,5,71.4775666666667,"baltimore"
42,6,79.3160666666666,"baltimore"
42,7,116.404433333333,"baltimore"
43,1,83.7772000000001,"baltimore"
43,2,103.921066666667,"baltimore"
43,3,107.019933333333,"baltimore"
43,4,159.4075,"baltimore"
43,5,131.807466666667,"baltimore"
43,6,85.3299333333333,"baltimore"
43,7,89.8259666666667,"baltimore"
44,1,96.4219333333333,"baltimore"
44,2,142.278933333333,"baltimore"
44,3,129.611866666667,"baltimore"
44,4,74.3355333333333,"baltimore"
44,5,67.8078666666667,"baltimore"
44,6,81.5857666666667,"baltimore"
44,7,101.392966666667,"baltimore"
45,1,126.470566666667,"baltimore"
45,2,98.1778666666667,"baltimore"
45,3,83.0900666666667,"baltimore"
45,4,73.3459,"baltimore"
45,5,90.1161333333333,"baltimore"
45,6,92.7054,"baltimore"
45,7,109.3562,"baltimore"
46,1,82.1573333333334,"baltimore"
46,2,70.6551,"baltimore"
46,3,89.7697333333333,"baltimore"
46,4,96.2589666666667,"baltimore"
46,5,110.359533333333,"baltimore"
46,6,172.387266666667,"baltimore"
46,7,130.817666666667,"baltimore"
47,1,89.1093,"baltimore"
47,2,95.8224666666667,"baltimore"
47,3,113.1301,"baltimore"
47,4,206.9571,"baltimore"
47,5,129.742566666667,"baltimore"
47,6,87.9715,"baltimore"
47,7,89.4309333333333,"baltimore"
48,1,109.770966666667,"baltimore"
48,2,207.0454,"baltimore"
48,3,124.1467,"baltimore"
48,4,84.3189,"baltimore"
48,5,83.8096333333333,"baltimore"
48,6,91.9302999999999,"baltimore"
48,7,102.4911,"baltimore"
49,1,319.009366666667,"baltimore"
49,2,185.839066666667,"baltimore"
49,3,92.6641,"baltimore"
49,4,99.2681,"baltimore"
49,5,112.5465,"baltimore"
49,6,135.022266666667,"baltimore"
49,7,163.707233333333,"baltimore"
50,1,104.436,"baltimore"
50,2,96.9256666666667,"baltimore"
50,3,106.2647,"baltimore"
50,4,126.3444,"baltimore"
50,5,163.801833333333,"baltimore"
50,6,194.2165,"baltimore"
50,7,170.9401,"baltimore"
51,1,80.1308000000001,"baltimore"
51,2,106.283633333333,"baltimore"
51,3,148.4467,"baltimore"
51,4,200.8872,"baltimore"
51,5,131.654233333333,"baltimore"
51,6,82.5596666666667,"baltimore"
51,7,85.8124666666667,"baltimore"
52,1,128.619166666667,"baltimore"
52,2,144.519166666667,"baltimore"
52,3,132.613933333333,"baltimore"
52,4,77.7059333333333,"baltimore"
52,5,76.1145380952381,"baltimore"
52,6,85.6288666666667,"baltimore"
52,7,97.4162,"baltimore"
53,1,111.940566666667,"baltimore"
53,2,80.0246,"baltimore"
53,3,87.8944,"baltimore"
53,4,86.6132666666667,"baltimore"
53,5,123.272,"baltimore"
53,6,127.249633333333,"baltimore"
53,7,178.347966666667,"baltimore"
54,1,78.4441666666667,"baltimore"
54,2,96.7022333333334,"baltimore"
54,3,124.5615,"baltimore"
54,4,141.457933333333,"baltimore"
54,5,98.7433333333333,"baltimore"
54,6,74.6296666666666,"baltimore"
54,7,82.0762666666667,"baltimore"
55,1,102.0912,"baltimore"
55,2,141.7636,"baltimore"
55,3,105.746633333333,"baltimore"
55,4,68.5714,"baltimore"
55,5,66.5253666666667,"baltimore"
55,6,83.2317666666667,"baltimore"
55,7,93.0276666666666,"baltimore"
56,1,98.7982666666666,"baltimore"
56,2,82.6341333333333,"baltimore"
56,3,69.2159666666667,"baltimore"
56,4,72.4511,"baltimore"
56,5,85.6675333333334,"baltimore"
56,6,101.789633333333,"baltimore"
56,7,126.756766666667,"baltimore"
57,1,60.3844666666666,"baltimore"
57,2,78.2883333333333,"baltimore"
57,3,84.7542,"baltimore"
57,4,109.9022,"baltimore"
57,5,121.204,"baltimore"
57,6,101.649533333333,"baltimore"
57,7,75.8147,"baltimore"
58,1,71.7017,"baltimore"
58,2,92.9722333333333,"baltimore"
58,3,116.6627,"baltimore"
58,4,93.9864,"baltimore"
58,5,70.7808666666666,"baltimore"
58,6,65.9584666666667,"baltimore"
58,7,91.3198333333333,"baltimore"
59,1,106.090466666667,"baltimore"
59,2,87.5220666666667,"baltimore"
59,3,64.1290333333333,"baltimore"
59,4,60.0306333333333,"baltimore"
59,5,75.4913666666667,"baltimore"
59,6,82.0369333333333,"baltimore"
59,7,96.7034,"baltimore"
60,1,61.9563666666667,"baltimore"
60,2,58.0693333333333,"baltimore"
60,3,80.5275666666666,"baltimore"
60,4,85.0994333333333,"baltimore"
60,5,114.9428,"baltimore"
60,6,136.5079,"baltimore"
60,7,111.7345,"baltimore"
61,1,62.3847333333333,"baltimore"
61,2,69.0422,"baltimore"
61,3,91.5740666666667,"baltimore"
61,4,130.592066666667,"baltimore"
61,5,95.9179999999999,"baltimore"
61,6,65.4138,"baltimore"
61,7,65.2316666666667,"baltimore"
62,1,84.4754666666667,"baltimore"
62,2,130.733166666667,"baltimore"
62,3,95.5004333333333,"baltimore"
62,4,58.7856,"baltimore"
62,5,61.7333,"baltimore"
62,6,89.2765,"baltimore"
62,7,88.8733666666667,"baltimore"
63,1,102.216066666667,"baltimore"
63,2,60.9998666666667,"baltimore"
63,3,63.8478,"baltimore"
63,4,75.0152666666667,"baltimore"
63,5,82.0680333333334,"baltimore"
63,6,107.5748,"baltimore"
63,7,196.565833333333,"baltimore"
64,1,66.1967666666666,"baltimore"
64,2,79.8768999999999,"baltimore"
64,3,88.5806333333333,"baltimore"
64,4,114.635966666667,"baltimore"
64,5,254.502066666667,"baltimore"
64,6,196.341366666667,"baltimore"
64,7,104.287966666667,"baltimore"
65,1,75.8692,"baltimore"
65,2,103.837333333333,"baltimore"
65,3,200.950733333333,"baltimore"
65,4,138.5077,"baltimore"
65,5,83.6034,"baltimore"
65,6,77.6506333333334,"baltimore"
65,7,80.0127666666667,"baltimore"
66,1,200.257433333333,"baltimore"
66,2,141.9176,"baltimore"
66,3,89.0088,"baltimore"
66,4,78.4839333333333,"baltimore"
66,5,81.4078,"baltimore"
66,6,91.8814666666667,"baltimore"
66,7,114.539933333333,"baltimore"
67,1,72.5147,"baltimore"
67,2,67.0553666666667,"baltimore"
67,3,69.4514,"baltimore"
67,4,75.7061333333333,"baltimore"
67,5,101.7572,"baltimore"
67,6,171.639033333333,"baltimore"
67,7,126.549033333333,"baltimore"
68,1,69.813,"baltimore"
68,2,73.1606999999999,"baltimore"
68,3,104.1328,"baltimore"
68,4,231.1188,"baltimore"
68,5,142.993666666667,"baltimore"
68,6,90.8759333333334,"baltimore"
68,7,79.2491,"baltimore"
69,1,112.5346,"baltimore"
69,2,275.042033333333,"baltimore"
69,3,230.286433333333,"baltimore"
69,4,133.870233333333,"baltimore"
69,5,88.7085,"baltimore"
69,6,104.591233333333,"baltimore"
69,7,120.235166666667,"baltimore"
70,1,122.199866666667,"baltimore"
70,2,78.6103333333334,"baltimore"
70,3,80.7114666666666,"baltimore"
70,4,87.4109,"baltimore"
70,5,96.0827,"baltimore"
70,6,117.0681,"baltimore"
70,7,276.065866666667,"baltimore"
71,1,74.9128,"baltimore"
71,2,81.6215,"baltimore"
71,3,91.5323666666667,"baltimore"
71,4,114.171133333333,"baltimore"
71,5,228.3774,"baltimore"
71,6,149.445233333333,"baltimore"
71,7,95.6491,"baltimore"
72,1,80.3990666666667,"baltimore"
72,2,104.3129,"baltimore"
72,3,165.5828,"baltimore"
72,4,127.982666666667,"baltimore"
72,5,77.4111666666667,"baltimore"
72,6,72.2847,"baltimore"
72,7,75.6933333333333,"baltimore"
73,1,166.713233333333,"baltimore"
73,2,131.288533333333,"baltimore"
73,3,85.2568333333333,"baltimore"
73,4,69.5658666666667,"baltimore"
73,5,76.8749000000001,"baltimore"
73,6,84.5664333333334,"baltimore"
73,7,112.3506,"baltimore"
74,1,81.3613333333333,"baltimore"
74,2,68.0882333333333,"baltimore"
74,3,75.8049666666666,"baltimore"
74,4,84.1468333333334,"baltimore"
74,5,107.1653,"baltimore"
74,6,195.082733333333,"baltimore"
74,7,141.2125,"baltimore"
75,1,72.3659666666666,"baltimore"
75,2,77.9585333333333,"baltimore"
75,3,105.409633333333,"baltimore"
75,4,198.8832,"baltimore"
75,5,133.029733333333,"baltimore"
75,6,82.8623,"baltimore"
75,7,76.6721333333333,"baltimore"
76,1,101.932566666667,"baltimore"
76,2,186.4933,"baltimore"
76,3,126.847033333333,"baltimore"
76,4,77.6870333333333,"baltimore"
76,5,70.4340666666667,"baltimore"
76,6,73.4568,"baltimore"
76,7,86.2195,"baltimore"
77,1,118.0992,"baltimore"
77,2,69.5651,"baltimore"
77,3,67.9509666666666,"baltimore"
77,4,70.5039,"baltimore"
77,5,77.8611666666667,"baltimore"
77,6,103.5127,"baltimore"
77,7,192.0176,"baltimore"
78,1,68.3960999999999,"baltimore"
78,2,70.0012666666666,"baltimore"
78,3,75.0575,"baltimore"
78,4,100.514,"baltimore"
78,5,201.356866666667,"baltimore"
78,6,134.639966666667,"baltimore"
78,7,82.1104666666666,"baltimore"
79,1,94.7553999999999,"baltimore"
79,2,114.992633333333,"baltimore"
79,3,285.539466666667,"baltimore"
79,4,221.696366666667,"baltimore"
79,5,122.6102,"baltimore"
79,6,97.1623,"baltimore"
79,7,105.470666666667,"baltimore"
80,1,306.020533333333,"baltimore"
80,2,213.472766666667,"baltimore"
80,3,109.086166666667,"baltimore"
80,4,100.411033333333,"baltimore"
80,5,108.242133333333,"baltimore"
80,6,126.0921,"baltimore"
80,7,169.3056,"baltimore"
81,1,81.0334,"baltimore"
81,2,88.3006666666667,"baltimore"
81,3,94.3573333333334,"baltimore"
81,4,117.745066666667,"baltimore"
81,5,262.642433333333,"baltimore"
81,6,240.958766666667,"baltimore"
81,7,172.861233333333,"baltimore"
82,1,84.5968,"baltimore"
82,2,112.055633333333,"baltimore"
82,3,230.437266666667,"baltimore"
82,4,312.202833333333,"baltimore"
82,5,188.022733333333,"baltimore"
82,6,95.6240666666667,"baltimore"
82,7,102.6845,"baltimore"
83,1,220.837833333333,"baltimore"
83,2,209.511633333333,"baltimore"
83,3,113.801433333333,"baltimore"
83,4,83.3212333333334,"baltimore"
83,5,97.2120333333333,"baltimore"
83,6,107.069566666667,"baltimore"
83,7,128.267833333333,"baltimore"
84,1,80.8954,"baltimore"
84,2,80.4778333333333,"baltimore"
84,3,83.6096666666666,"baltimore"
84,4,95.4004,"baltimore"
84,5,115.362966666667,"baltimore"
84,6,216.935,"baltimore"
84,7,137.3167,"baltimore"
85,1,69.7821333333333,"baltimore"
85,2,78.368,"baltimore"
85,3,102.729266666667,"baltimore"
85,4,165.407166666667,"baltimore"
85,5,117.764633333333,"baltimore"
85,6,76.7485333333333,"baltimore"
85,7,75.6763999999999,"baltimore"
86,1,99.4748333333333,"baltimore"
86,2,159.789166666667,"baltimore"
86,3,108.899566666667,"baltimore"
86,4,70.3467,"baltimore"
86,5,73.5390333333333,"baltimore"
86,6,74.1305333333333,"baltimore"
86,7,83.8478333333333,"baltimore"
87,1,109.898266666667,"baltimore"
87,2,67.1176333333333,"baltimore"
87,3,72.0477666666667,"baltimore"
87,4,72.2545666666667,"baltimore"
87,5,76.3932333333333,"baltimore"
87,6,103.213566666667,"baltimore"
87,7,241.267033333333,"baltimore"
88,1,64.2714666666666,"baltimore"
88,2,69.0789666666667,"baltimore"
88,3,74.1279666666666,"baltimore"
88,4,105.7879,"baltimore"
88,5,186.865366666667,"baltimore"
88,6,117.961233333333,"baltimore"
88,7,78.6171333333333,"baltimore"
89,1,71.2304666666667,"baltimore"
89,2,100.768433333333,"baltimore"
89,3,174.881333333333,"baltimore"
89,4,113.397833333333,"baltimore"
89,5,70.9372333333333,"baltimore"
89,6,68.0711333333334,"baltimore"
89,7,79.1675333333333,"baltimore"
90,1,171.9398,"baltimore"
90,2,109.028233333333,"baltimore"
90,3,68.0269666666667,"baltimore"
90,4,67.5084333333333,"baltimore"
90,5,81.3596,"baltimore"
90,6,88.1208,"baltimore"
90,7,116.3301,"baltimore"
91,1,69.0481666666667,"baltimore"
91,2,68.3376,"baltimore"
91,3,78.4381333333333,"baltimore"
91,4,85.1203,"baltimore"
91,5,116.864133333333,"baltimore"
91,6,257.9904,"baltimore"
91,7,213.4236,"baltimore"
92,1,74.6160666666667,"baltimore"
92,2,79.0368,"baltimore"
92,3,109.947766666667,"baltimore"
92,4,213.367933333333,"baltimore"
92,5,133.557666666667,"baltimore"
92,6,80.0284333333334,"baltimore"
92,7,75.6405333333333,"baltimore"
93,1,104.520533333333,"baltimore"
93,2,171.1218,"baltimore"
93,3,114.472933333333,"baltimore"
93,4,70.0837,"baltimore"
93,5,78.1866666666667,"baltimore"
93,6,78.4371333333333,"baltimore"
93,7,91.0020666666667,"baltimore"
94,1,110.688733333333,"baltimore"
94,2,65.3780666666666,"baltimore"
94,3,75.3228333333333,"baltimore"
94,4,77.8931333333333,"baltimore"
94,5,88.4894,"baltimore"
94,6,110.473633333333,"baltimore"
94,7,268.992933333333,"baltimore"
95,1,79.9665666666667,"baltimore"
95,2,84.5800333333334,"baltimore"
95,3,95.8978,"baltimore"
95,4,118.774466666667,"baltimore"
95,5,303.2363,"baltimore"
95,6,229.285266666667,"baltimore"
95,7,118.516933333333,"baltimore"
96,1,91.2818,"baltimore"
96,2,111.929533333333,"baltimore"
96,3,245.051766666667,"baltimore"
96,4,189.696066666667,"baltimore"
96,5,101.534766666667,"baltimore"
96,6,83.6308666666667,"baltimore"
96,7,98.7457999999999,"baltimore"
97,1,229.4155,"baltimore"
97,2,142.1374,"baltimore"
97,3,84.8831333333333,"baltimore"
97,4,82.0463,"baltimore"
97,5,95.1218666666667,"baltimore"
97,6,114.928566666667,"baltimore"
97,7,161.862466666667,"baltimore"
98,1,310.835533333333,"baltimore"
98,2,93.8071666666666,"baltimore"
98,3,90.6161333333334,"baltimore"
98,4,103.454566666667,"baltimore"
98,5,122.9462,"baltimore"
98,6,164.470733333333,"baltimore"
98,7,205.464133333333,"baltimore"
99,1,77.0866,"baltimore"
99,2,76.9461,"baltimore"
99,3,94.4275333333334,"baltimore"
99,4,141.991933333333,"baltimore"
99,5,202.6386,"baltimore"
99,6,122.4732,"baltimore"
99,7,79.1738333333333,"baltimore"
100,1,84.1990666666666,"baltimore"
100,2,136.339533333333,"baltimore"
100,3,149.560633333333,"baltimore"
100,4,134.551966666667,"baltimore"
100,5,83.8324666666667,"baltimore"
100,6,81.6761666666666,"baltimore"
100,7,87.4867666666667,"baltimore"
101,1,156.171933333333,"baltimore"
101,2,129.729033333333,"baltimore"
101,3,81.8554666666667,"baltimore"
101,4,81.9060333333333,"baltimore"
101,5,83.1112666666667,"baltimore"
101,6,97.7731,"baltimore"
101,7,129.924633333333,"baltimore"
102,1,68.7062666666667,"baltimore"
102,2,89.0998,"baltimore"
102,3,93.3885333333334,"baltimore"
102,4,116.497333333333,"baltimore"
102,5,165.9663,"baltimore"
102,6,112.518566666667,"baltimore"
102,7,79.4856333333333,"baltimore"
103,1,82.3688,"baltimore"
103,2,106.146933333333,"baltimore"
103,3,162.7968,"baltimore"
103,4,114.2515,"baltimore"
103,5,77.9863666666667,"baltimore"
103,6,72.1524666666666,"baltimore"
103,7,75.8264666666666,"baltimore"
104,1,144.7704,"baltimore"
104,2,114.6434,"baltimore"
104,3,82.7241,"baltimore"
104,4,71.4608666666667,"baltimore"
104,5,75.7610666666667,"baltimore"
104,6,80.6437,"baltimore"
104,7,102.9588,"baltimore"
1,1,220.248533333333,"lancaster"
1,2,146.243233333333,"lancaster"
1,3,143.361533333333,"lancaster"
1,4,171.7244,"lancaster"
1,5,235.938466666667,"lancaster"
1,6,402.3641,"lancaster"
1,7,469.2665,"lancaster"
2,1,107.234066666667,"lancaster"
2,2,129.182066666667,"lancaster"
2,3,205.879166666667,"lancaster"
2,4,239.345266666667,"lancaster"
2,5,284.457666666667,"lancaster"
2,6,146.6789,"lancaster"
2,7,119.514666666667,"lancaster"
3,1,209.2539,"lancaster"
3,2,244.838366666667,"lancaster"
3,3,285.501866666667,"lancaster"
3,4,137.089533333333,"lancaster"
3,5,128.186466666667,"lancaster"
3,6,133.010733333333,"lancaster"
3,7,165.797666666667,"lancaster"
4,1,234.897033333333,"lancaster"
4,2,127.544666666667,"lancaster"
4,3,121.207166666667,"lancaster"
4,4,134.3878,"lancaster"
4,5,160.294166666667,"lancaster"
4,6,242.1347,"lancaster"
4,7,338.002366666667,"lancaster"
5,1,103.100566666667,"lancaster"
5,2,119.722233333333,"lancaster"
5,3,161.5111,"lancaster"
5,4,305.1266,"lancaster"
5,5,214.9153,"lancaster"
5,6,128.9764,"lancaster"
5,7,110.896233333333,"lancaster"
6,1,153.839733333333,"lancaster"
6,2,270.681366666667,"lancaster"
6,3,203.6975,"lancaster"
6,4,110.154466666667,"lancaster"
6,5,99.4985666666667,"lancaster"
6,6,106.817533333333,"lancaster"
6,7,122.304366666667,"lancaster"
7,1,217.243833333333,"lancaster"
7,2,123.1856,"lancaster"
7,3,114.900666666667,"lancaster"
7,4,113.319333333333,"lancaster"
7,5,127.461266666667,"lancaster"
7,6,172.5278,"lancaster"
7,7,319.6785,"lancaster"
8,1,108.6762,"lancaster"
8,2,111.082666666667,"lancaster"
8,3,126.567,"lancaster"
8,4,170.864633333333,"lancaster"
8,5,335.8206,"lancaster"
8,6,234.789766666667,"lancaster"
8,7,146.934666666667,"lancaster"
9,1,178.6847,"lancaster"
9,2,223.309366666667,"lancaster"
9,3,641.441866666667,"lancaster"
9,4,416.826766666667,"lancaster"
9,5,266.138733333333,"lancaster"
9,6,220.358833333333,"lancaster"
9,7,249.303666666667,"lancaster"
10,1,711.959766666667,"lancaster"
10,2,404.178833333333,"lancaster"
10,3,241.708733333333,"lancaster"
10,4,260.222933333333,"lancaster"
10,5,322.0783,"lancaster"
10,6,337.6043,"lancaster"
10,7,349.387733333333,"lancaster"
11,1,179.161166666666,"lancaster"
11,2,219.213966666667,"lancaster"
11,3,300.409466666667,"lancaster"
11,4,348.238666666667,"lancaster"
11,5,324.006166666667,"lancaster"
11,6,362.6747,"lancaster"
11,7,265.440233333334,"lancaster"
12,1,180.140833333333,"lancaster"
12,2,273.685966666667,"lancaster"
12,3,375.5547,"lancaster"
12,4,519.8954,"lancaster"
12,5,387.080766666667,"lancaster"
12,6,206.0909,"lancaster"
12,7,178.478033333333,"lancaster"
13,1,213.7419,"lancaster"
13,2,484.7891,"lancaster"
13,3,450.687833333334,"lancaster"
13,4,304.182966666667,"lancaster"
13,5,170.056533333333,"lancaster"
13,6,151.968966666667,"lancaster"
13,7,168.684466666667,"lancaster"
14,1,327.8248,"lancaster"
14,2,168.7366,"lancaster"
14,3,130.051566666667,"lancaster"
14,4,135.735166666667,"lancaster"
14,5,146.098733333333,"lancaster"
14,6,172.299533333333,"lancaster"
14,7,256.451,"lancaster"
15,1,127.729166666667,"lancaster"
15,2,134.819333333333,"lancaster"
15,3,146.9942,"lancaster"
15,4,179.463,"lancaster"
15,5,337.0394,"lancaster"
15,6,305.125,"lancaster"
15,7,155.793,"lancaster"
16,1,157.390266666667,"lancaster"
16,2,184.5397,"lancaster"
16,3,432.497966666667,"lancaster"
16,4,394.795033333333,"lancaster"
16,5,206.01,"lancaster"
16,6,152.815966666667,"lancaster"
16,7,165.043366666667,"lancaster"
17,1,431.710533333334,"lancaster"
17,2,402.908466666667,"lancaster"
17,3,322.3477,"lancaster"
17,4,176.4858,"lancaster"
17,5,186.0017,"lancaster"
17,6,203.1654,"lancaster"
17,7,231.9586,"lancaster"
18,1,152.937866666667,"lancaster"
18,2,145.596366666667,"lancaster"
18,3,155.5531,"lancaster"
18,4,173.193466666667,"lancaster"
18,5,213.047166666667,"lancaster"
18,6,439.174866666667,"lancaster"
18,7,381.791966666667,"lancaster"
19,1,190.769333333333,"lancaster"
19,2,209.264666666667,"lancaster"
19,3,239.4265,"lancaster"
19,4,372.558833333333,"lancaster"
19,5,327.213433333333,"lancaster"
19,6,246.659833333333,"lancaster"
19,7,218.083533333333,"lancaster"
20,1,261.471966666667,"lancaster"
20,2,394.295533333333,"lancaster"
20,3,343.675433333333,"lancaster"
20,4,281.743533333333,"lancaster"
20,5,235.376366666667,"lancaster"
20,6,250.059933333333,"lancaster"
20,7,243.823633333333,"lancaster"
21,1,388.606566666667,"lancaster"
21,2,268.5492,"lancaster"
21,3,228.785633333333,"lancaster"
21,4,252.920433333333,"lancaster"
21,5,263.9802,"lancaster"
21,6,284.137133333333,"lancaster"
21,7,351.3055,"lancaster"
22,1,322.1956,"lancaster"
22,2,267.806366666667,"lancaster"
22,3,254.730733333333,"lancaster"
22,4,278.912633333333,"lancaster"
22,5,315.173033333333,"lancaster"
22,6,352.9047,"lancaster"
22,7,324.943666666667,"lancaster"
23,1,227.188966666667,"lancaster"
23,2,281.1137,"lancaster"
23,3,361.2852,"lancaster"
23,4,387.853833333334,"lancaster"
23,5,430.449766666667,"lancaster"
23,6,291.090233333333,"lancaster"
23,7,235.6242,"lancaster"
24,1,367.874733333333,"lancaster"
24,2,419.014533333333,"lancaster"
24,3,438.8131,"lancaster"
24,4,345.4623,"lancaster"
24,5,275.033966666667,"lancaster"
24,6,314.6092,"lancaster"
24,7,284.6801,"lancaster"
25,1,423.940033333333,"lancaster"
25,2,352.807766666667,"lancaster"
25,3,281.825066666667,"lancaster"
25,4,308.597266666667,"lancaster"
25,5,279.769933333333,"lancaster"
25,6,297.909266666667,"lancaster"
25,7,294.4271,"lancaster"
26,1,259.0635,"lancaster"
26,2,305.333033333333,"lancaster"
26,3,293.387233333333,"lancaster"
26,4,324.190666666667,"lancaster"
26,5,279.118433333333,"lancaster"
26,6,275.843266666667,"lancaster"
26,7,264.6403,"lancaster"
27,1,221.253366666667,"lancaster"
27,2,328.227166666667,"lancaster"
27,3,314.715133333333,"lancaster"
27,4,361.973433333333,"lancaster"
27,5,271.800233333333,"lancaster"
27,6,207.5782,"lancaster"
27,7,197.940366666667,"lancaster"
28,1,297.269533333333,"lancaster"
28,2,361.0682,"lancaster"
28,3,284.958233333333,"lancaster"
28,4,191.7797,"lancaster"
28,5,194.1696,"lancaster"
28,6,204.0724,"lancaster"
28,7,219.9219,"lancaster"
29,1,193.108133333333,"lancaster"
29,2,200.700833333333,"lancaster"
29,3,220.2096,"lancaster"
29,4,292.9032,"lancaster"
29,5,231.9648,"lancaster"
29,6,167.947933333333,"lancaster"
29,7,164.966033333333,"lancaster"
30,1,141.301866666667,"lancaster"
30,2,182.9021,"lancaster"
30,3,237.3563,"lancaster"
30,4,157.981466666667,"lancaster"
30,5,106.2135,"lancaster"
30,6,106.633133333333,"lancaster"
30,7,117.9173,"lancaster"
31,1,223.6901,"lancaster"
31,2,184.115333333333,"lancaster"
31,3,111.0715,"lancaster"
31,4,99.9840333333334,"lancaster"
31,5,102.631033333333,"lancaster"
31,6,118.476,"lancaster"
31,7,157.629733333333,"lancaster"
32,1,110.453066666667,"lancaster"
32,2,96.9925666666666,"lancaster"
32,3,110.607433333333,"lancaster"
32,4,121.539266666667,"lancaster"
32,5,158.2083,"lancaster"
32,6,204.4636,"lancaster"
32,7,169.405,"lancaster"
33,1,111.110166666667,"lancaster"
33,2,117.288333333333,"lancaster"
33,3,163.7935,"lancaster"
33,4,229.9953,"lancaster"
33,5,172.248333333333,"lancaster"
33,6,115.289033333333,"lancaster"
33,7,118.8305,"lancaster"
34,1,154.449733333333,"lancaster"
34,2,224.424666666667,"lancaster"
34,3,181.3738,"lancaster"
34,4,121.938366666667,"lancaster"
34,5,100.7718,"lancaster"
34,6,109.754133333333,"lancaster"
34,7,125.3844,"lancaster"
35,1,500.074433333333,"lancaster"
35,2,379.244066666667,"lancaster"
35,3,174.4927,"lancaster"
35,4,129.1738,"lancaster"
35,5,142.596233333333,"lancaster"
35,6,161.064166666667,"lancaster"
35,7,206.1205,"lancaster"
36,1,215.9854,"lancaster"
36,2,146.257266666667,"lancaster"
36,3,149.045033333333,"lancaster"
36,4,165.101033333333,"lancaster"
36,5,202.950133333333,"lancaster"
36,6,353.664066666667,"lancaster"
36,7,400.349033333334,"lancaster"
37,1,118.588166666667,"lancaster"
37,2,152.749666666667,"lancaster"
37,3,221.7364,"lancaster"
37,4,295.793333333333,"lancaster"
37,5,281.044966666666,"lancaster"
37,6,143.109133333333,"lancaster"
37,7,134.5151,"lancaster"
38,1,214.540766666667,"lancaster"
38,2,319.265866666667,"lancaster"
38,3,263.243333333333,"lancaster"
38,4,157.875366666667,"lancaster"
38,5,125.324366666667,"lancaster"
38,6,147.615566666667,"lancaster"
38,7,168.121033333333,"lancaster"
39,1,202.127766666667,"lancaster"
39,2,138.215833333333,"lancaster"
39,3,121.905033333333,"lancaster"
39,4,133.1201,"lancaster"
39,5,143.161033333333,"lancaster"
39,6,158.983633333333,"lancaster"
39,7,189.1829,"lancaster"
40,1,120.924966666667,"lancaster"
40,2,143.773266666667,"lancaster"
40,3,170.383166666667,"lancaster"
40,4,240.779066666667,"lancaster"
40,5,176.330466666667,"lancaster"
40,6,121.694366666667,"lancaster"
40,7,135.677766666667,"lancaster"
41,1,155.929233333333,"lancaster"
41,2,341.109333333333,"lancaster"
41,3,284.344733333333,"lancaster"
41,4,186.091966666667,"lancaster"
41,5,120.329166666667,"lancaster"
41,6,138.798666666667,"lancaster"
41,7,154.0048,"lancaster"
42,1,287.130633333333,"lancaster"
42,2,257.128133333333,"lancaster"
42,3,178.6979,"lancaster"
42,4,114.8532,"lancaster"
42,5,128.7299,"lancaster"
42,6,140.230166666667,"lancaster"
42,7,172.363566666667,"lancaster"
43,1,167.013566666667,"lancaster"
43,2,190.084066666667,"lancaster"
43,3,192.430333333333,"lancaster"
43,4,191.721533333333,"lancaster"
43,5,162.261166666667,"lancaster"
43,6,134.1375,"lancaster"
43,7,146.987433333333,"lancaster"
44,1,135.0895,"lancaster"
44,2,200.8577,"lancaster"
44,3,183.1927,"lancaster"
44,4,128.4985,"lancaster"
44,5,109.0204,"lancaster"
44,6,129.5982,"lancaster"
44,7,154.752733333333,"lancaster"
45,1,191.9385,"lancaster"
45,2,181.278733333333,"lancaster"
45,3,140.4829,"lancaster"
45,4,105.0573,"lancaster"
45,5,120.7748,"lancaster"
45,6,142.5713,"lancaster"
45,7,160.816466666667,"lancaster"
46,1,126.492133333333,"lancaster"
46,2,109.8464,"lancaster"
46,3,152.030566666667,"lancaster"
46,4,145.279666666667,"lancaster"
46,5,157.017266666667,"lancaster"
46,6,204.7923,"lancaster"
46,7,164.291633333333,"lancaster"
47,1,126.971733333333,"lancaster"
47,2,128.482266666667,"lancaster"
47,3,158.7441,"lancaster"
47,4,249.898366666667,"lancaster"
47,5,168.657266666667,"lancaster"
47,6,120.893733333333,"lancaster"
47,7,118.554866666667,"lancaster"
48,1,148.7225,"lancaster"
48,2,257.743233333333,"lancaster"
48,3,171.4243,"lancaster"
48,4,105.291033333333,"lancaster"
48,5,103.426833333333,"lancaster"
48,6,114.584833333333,"lancaster"
48,7,127.264066666667,"lancaster"
49,1,412.7132,"lancaster"
49,2,247.2709,"lancaster"
49,3,128.4841,"lancaster"
49,4,137.8484,"lancaster"
49,5,157.308133333333,"lancaster"
49,6,180.3806,"lancaster"
49,7,268.394533333333,"lancaster"
50,1,150.1027,"lancaster"
50,2,136.860166666667,"lancaster"
50,3,150.0725,"lancaster"
50,4,176.778466666667,"lancaster"
50,5,242.322166666667,"lancaster"
50,6,433.315266666667,"lancaster"
50,7,410.812766666667,"lancaster"
51,1,108.222866666667,"lancaster"
51,2,140.023233333333,"lancaster"
51,3,194.723933333333,"lancaster"
51,4,254.4017,"lancaster"
51,5,284.617266666667,"lancaster"
51,6,147.131533333333,"lancaster"
51,7,130.996666666667,"lancaster"
52,1,176.4797,"lancaster"
52,2,277.324533333333,"lancaster"
52,3,302.107833333333,"lancaster"
52,4,170.140033333333,"lancaster"
52,5,120.791533333333,"lancaster"
52,6,131.835866666667,"lancaster"
52,7,146.148333333333,"lancaster"
53,1,200.7516,"lancaster"
53,2,159.765833333333,"lancaster"
53,3,136.056,"lancaster"
53,4,124.0074,"lancaster"
53,5,140.729233333333,"lancaster"
53,6,150.729266666667,"lancaster"
53,7,166.205533333333,"lancaster"
54,1,96.6250666666667,"lancaster"
54,2,117.2935,"lancaster"
54,3,148.2228,"lancaster"
54,4,180.0224,"lancaster"
54,5,147.865733333333,"lancaster"
54,6,114.320733333333,"lancaster"
54,7,120.2491,"lancaster"
55,1,117.645,"lancaster"
55,2,178.472666666667,"lancaster"
55,3,147.8207,"lancaster"
55,4,100.817266666667,"lancaster"
55,5,98.2097,"lancaster"
55,6,132.876866666667,"lancaster"
55,7,138.508433333333,"lancaster"
56,1,127.0804,"lancaster"
56,2,111.926733333333,"lancaster"
56,3,103.734466666667,"lancaster"
56,4,119.1998,"lancaster"
56,5,133.173366666667,"lancaster"
56,6,152.7036,"lancaster"
56,7,164.9445,"lancaster"
57,1,89.1800666666667,"lancaster"
57,2,94.4340666666667,"lancaster"
57,3,110.866066666667,"lancaster"
57,4,139.9335,"lancaster"
57,5,185.727466666667,"lancaster"
57,6,141.388533333333,"lancaster"
57,7,101.021833333333,"lancaster"
58,1,83.9911,"lancaster"
58,2,109.533233333333,"lancaster"
58,3,150.655333333333,"lancaster"
58,4,118.7752,"lancaster"
58,5,89.9536333333334,"lancaster"
58,6,90.5862666666668,"lancaster"
58,7,116.5419,"lancaster"
59,1,145.2829,"lancaster"
59,2,111.4702,"lancaster"
59,3,84.0224666666667,"lancaster"
59,4,86.1317333333333,"lancaster"
59,5,88.8147333333333,"lancaster"
59,6,103.4679,"lancaster"
59,7,135.6453,"lancaster"
60,1,87.837,"lancaster"
60,2,81.2726333333333,"lancaster"
60,3,94.6106666666667,"lancaster"
60,4,98.0282666666667,"lancaster"
60,5,131.203233333333,"lancaster"
60,6,158.367566666667,"lancaster"
60,7,129.471733333333,"lancaster"
61,1,76.3145333333334,"lancaster"
61,2,86.6675666666666,"lancaster"
61,3,111.142666666667,"lancaster"
61,4,152.6109,"lancaster"
61,5,114.514333333333,"lancaster"
61,6,84.735,"lancaster"
61,7,82.962,"lancaster"
62,1,102.7533,"lancaster"
62,2,171.939866666667,"lancaster"
62,3,139.141933333333,"lancaster"
62,4,90.7133333333334,"lancaster"
62,5,85.6124666666667,"lancaster"
62,6,101.992533333333,"lancaster"
62,7,113.5887,"lancaster"
63,1,139.203166666667,"lancaster"
63,2,89.9854,"lancaster"
63,3,88.2809,"lancaster"
63,4,114.726233333333,"lancaster"
63,5,130.857766666667,"lancaster"
63,6,166.590466666667,"lancaster"
63,7,275.428166666667,"lancaster"
64,1,89.9939,"lancaster"
64,2,107.036866666667,"lancaster"
64,3,118.424166666667,"lancaster"
64,4,160.304266666667,"lancaster"
64,5,326.3131,"lancaster"
64,6,194.970833333333,"lancaster"
64,7,119.4017,"lancaster"
65,1,102.3697,"lancaster"
65,2,142.827066666667,"lancaster"
65,3,301.834933333333,"lancaster"
65,4,197.827466666667,"lancaster"
65,5,113.048466666667,"lancaster"
65,6,109.276966666667,"lancaster"
65,7,114.308566666667,"lancaster"
66,1,301.9043,"lancaster"
66,2,232.8096,"lancaster"
66,3,153.652033333333,"lancaster"
66,4,110.694733333333,"lancaster"
66,5,118.7713,"lancaster"
66,6,146.162233333333,"lancaster"
66,7,177.093966666667,"lancaster"
67,1,90.2536333333333,"lancaster"
67,2,100.0901,"lancaster"
67,3,134.9253,"lancaster"
67,4,149.215533333333,"lancaster"
67,5,182.475966666667,"lancaster"
67,6,218.017366666666,"lancaster"
67,7,151.663233333333,"lancaster"
68,1,124.476033333333,"lancaster"
68,2,137.5845,"lancaster"
68,3,175.299233333333,"lancaster"
68,4,277.7421,"lancaster"
68,5,176.5243,"lancaster"
68,6,118.9451,"lancaster"
68,7,122.128066666667,"lancaster"
69,1,150.6896,"lancaster"
69,2,283.926633333333,"lancaster"
69,3,196.723833333333,"lancaster"
69,4,111.7736,"lancaster"
69,5,99.8177666666667,"lancaster"
69,6,104.4613,"lancaster"
69,7,123.134433333333,"lancaster"
70,1,152.936666666667,"lancaster"
70,2,96.7908666666667,"lancaster"
70,3,96.1321333333333,"lancaster"
70,4,109.4036,"lancaster"
70,5,125.6519,"lancaster"
70,6,163.997433333333,"lancaster"
70,7,336.7365,"lancaster"
71,1,93.8070666666667,"lancaster"
71,2,131.323266666667,"lancaster"
71,3,145.177166666667,"lancaster"
71,4,181.2262,"lancaster"
71,5,233.7524,"lancaster"
71,6,162.561433333333,"lancaster"
71,7,121.895833333333,"lancaster"
72,1,122.447166666667,"lancaster"
72,2,164.647833333333,"lancaster"
72,3,260.440133333333,"lancaster"
72,4,176.942333333333,"lancaster"
72,5,108.9201,"lancaster"
72,6,111.432533333333,"lancaster"
72,7,114.6435,"lancaster"
73,1,232.811766666667,"lancaster"
73,2,182.3869,"lancaster"
73,3,106.7428,"lancaster"
73,4,92.3187,"lancaster"
73,5,96.9045,"lancaster"
73,6,121.3249,"lancaster"
73,7,154.0321,"lancaster"
74,1,95.6619666666667,"lancaster"
74,2,91.5684333333334,"lancaster"
74,3,109.0271,"lancaster"
74,4,120.183033333333,"lancaster"
74,5,156.178766666667,"lancaster"
74,6,271.834233333333,"lancaster"
74,7,174.931633333333,"lancaster"
75,1,98.1335666666668,"lancaster"
75,2,107.2475,"lancaster"
75,3,136.754233333333,"lancaster"
75,4,271.759033333333,"lancaster"
75,5,172.5121,"lancaster"
75,6,108.253166666667,"lancaster"
75,7,98.9407,"lancaster"
76,1,117.8359,"lancaster"
76,2,262.373266666666,"lancaster"
76,3,182.808833333333,"lancaster"
76,4,106.6347,"lancaster"
76,5,89.8057333333333,"lancaster"
76,6,123.496166666667,"lancaster"
76,7,136.7057,"lancaster"
77,1,151.5108,"lancaster"
77,2,86.5797666666666,"lancaster"
77,3,84.7369333333334,"lancaster"
77,4,104.188433333333,"lancaster"
77,5,112.5842,"lancaster"
77,6,148.826933333333,"lancaster"
77,7,257.224166666667,"lancaster"
78,1,84.5274333333333,"lancaster"
78,2,109.028866666667,"lancaster"
78,3,118.003933333333,"lancaster"
78,4,160.636933333333,"lancaster"
78,5,279.806466666667,"lancaster"
78,6,178.2062,"lancaster"
78,7,112.483166666667,"lancaster"
79,1,112.3442,"lancaster"
79,2,149.444433333333,"lancaster"
79,3,276.3187,"lancaster"
79,4,176.119166666667,"lancaster"
79,5,122.4607,"lancaster"
79,6,111.2963,"lancaster"
79,7,124.900666666667,"lancaster"
80,1,296.2166,"lancaster"
80,2,182.6296,"lancaster"
80,3,115.1246,"lancaster"
80,4,110.949733333333,"lancaster"
80,5,121.436666666667,"lancaster"
80,6,146.320033333333,"lancaster"
80,7,194.644433333333,"lancaster"
81,1,100.7716,"lancaster"
81,2,106.913366666667,"lancaster"
81,3,119.059366666667,"lancaster"
81,4,161.911766666667,"lancaster"
81,5,236.7273,"lancaster"
81,6,195.573033333333,"lancaster"
81,7,117.4737,"lancaster"
82,1,104.768233333333,"lancaster"
82,2,147.8848,"lancaster"
82,3,229.272766666667,"lancaster"
82,4,211.080933333333,"lancaster"
82,5,109.533833333333,"lancaster"
82,6,99.1149666666667,"lancaster"
82,7,102.267,"lancaster"
83,1,212.488866666667,"lancaster"
83,2,213.8157,"lancaster"
83,3,121.017633333333,"lancaster"
83,4,110.985266666667,"lancaster"
83,5,121.620866666667,"lancaster"
83,6,142.171866666667,"lancaster"
83,7,170.189166666666,"lancaster"
84,1,96.0301333333333,"lancaster"
84,2,106.4512,"lancaster"
84,3,121.239033333333,"lancaster"
84,4,142.365666666667,"lancaster"
84,5,184.227533333333,"lancaster"
84,6,198.289533333333,"lancaster"
84,7,134.301833333333,"lancaster"
85,1,104.0156,"lancaster"
85,2,124.538033333333,"lancaster"
85,3,163.384766666667,"lancaster"
85,4,274.1241,"lancaster"
85,5,174.162433333333,"lancaster"
85,6,112.646733333333,"lancaster"
85,7,111.778966666667,"lancaster"
86,1,137.9309,"lancaster"
86,2,214.2619,"lancaster"
86,3,152.283933333333,"lancaster"
86,4,90.3777666666667,"lancaster"
86,5,93.7446,"lancaster"
86,6,103.008533333333,"lancaster"
86,7,127.3745,"lancaster"
87,1,138.752733333333,"lancaster"
87,2,87.8976,"lancaster"
87,3,89.3617666666667,"lancaster"
87,4,107.541366666667,"lancaster"
87,5,117.9036,"lancaster"
87,6,149.135233333333,"lancaster"
87,7,208.3014,"lancaster"
88,1,79.5312,"lancaster"
88,2,105.030333333333,"lancaster"
88,3,127.5576,"lancaster"
88,4,161.066333333333,"lancaster"
88,5,210.267266666667,"lancaster"
88,6,140.2648,"lancaster"
88,7,107.4521,"lancaster"
89,1,93.9759,"lancaster"
89,2,121.184766666667,"lancaster"
89,3,190.546566666667,"lancaster"
89,4,151.736933333333,"lancaster"
89,5,100.574966666667,"lancaster"
89,6,91.9681,"lancaster"
89,7,122.1506,"lancaster"
90,1,180.621066666667,"lancaster"
90,2,138.4198,"lancaster"
90,3,80.2779666666667,"lancaster"
90,4,90.0198666666667,"lancaster"
90,5,111.880566666667,"lancaster"
90,6,125.8492,"lancaster"
90,7,161.408466666667,"lancaster"
91,1,81.1979666666666,"lancaster"
91,2,83.3549,"lancaster"
91,3,103.136633333333,"lancaster"
91,4,118.1662,"lancaster"
91,5,146.8641,"lancaster"
91,6,217.646,"lancaster"
91,7,148.6189,"lancaster"
92,1,93.3421,"lancaster"
92,2,97.7910333333334,"lancaster"
92,3,128.267966666667,"lancaster"
92,4,210.184833333333,"lancaster"
92,5,167.214066666667,"lancaster"
92,6,104.938833333333,"lancaster"
92,7,99.1776000000001,"lancaster"
93,1,126.762933333333,"lancaster"
93,2,199.706433333333,"lancaster"
93,3,147.9898,"lancaster"
93,4,91.3267666666667,"lancaster"
93,5,91.5202,"lancaster"
93,6,111.159866666667,"lancaster"
93,7,118.241233333333,"lancaster"
94,1,149.505333333333,"lancaster"
94,2,94.604,"lancaster"
94,3,89.9927333333333,"lancaster"
94,4,118.524966666667,"lancaster"
94,5,126.299433333333,"lancaster"
94,6,159.230633333333,"lancaster"
94,7,220.1238,"lancaster"
95,1,87.7113999999999,"lancaster"
95,2,123.857133333333,"lancaster"
95,3,130.069033333333,"lancaster"
95,4,163.5731,"lancaster"
95,5,202.0733,"lancaster"
95,6,145.152733333333,"lancaster"
95,7,105.068333333333,"lancaster"
96,1,111.843533333333,"lancaster"
96,2,141.947933333333,"lancaster"
96,3,184.562466666667,"lancaster"
96,4,146.272033333333,"lancaster"
96,5,92.5417000000001,"lancaster"
96,6,99.8745666666666,"lancaster"
96,7,106.394766666667,"lancaster"
97,1,179.4797,"lancaster"
97,2,145.5792,"lancaster"
97,3,98.0064,"lancaster"
97,4,94.3482,"lancaster"
97,5,110.189833333333,"lancaster"
97,6,118.217166666667,"lancaster"
97,7,150.063033333333,"lancaster"
98,1,375.740866666667,"lancaster"
98,2,140.343666666667,"lancaster"
98,3,114.448366666667,"lancaster"
98,4,130.439533333333,"lancaster"
98,5,162.069233333333,"lancaster"
98,6,227.7285,"lancaster"
98,7,366.6203,"lancaster"
99,1,97.8192,"lancaster"
99,2,106.410133333333,"lancaster"
99,3,132.5184,"lancaster"
99,4,204.307166666667,"lancaster"
99,5,277.6022,"lancaster"
99,6,251.435966666667,"lancaster"
99,7,137.866633333333,"lancaster"
100,1,118.513566666667,"lancaster"
100,2,176.296966666667,"lancaster"
100,3,222.8079,"lancaster"
100,4,214.631766666667,"lancaster"
100,5,124.973933333333,"lancaster"
100,6,110.959466666667,"lancaster"
100,7,131.738133333333,"lancaster"
101,1,209.0196,"lancaster"
101,2,198.091766666667,"lancaster"
101,3,122.5769,"lancaster"
101,4,98.5319333333332,"lancaster"
101,5,114.7683,"lancaster"
101,6,126.2998,"lancaster"
101,7,164.982433333333,"lancaster"
102,1,100.267333333333,"lancaster"
102,2,89.6991333333334,"lancaster"
102,3,109.330866666667,"lancaster"
102,4,137.8902,"lancaster"
102,5,203.621933333333,"lancaster"
102,6,140.489033333333,"lancaster"
102,7,96.1341000000001,"lancaster"
103,1,95.5264333333333,"lancaster"
103,2,120.235666666667,"lancaster"
103,3,177.202566666667,"lancaster"
103,4,139.5817,"lancaster"
103,5,97.1406333333334,"lancaster"
103,6,87.3266,"lancaster"
103,7,119.845266666667,"lancaster"
104,1,165.2309,"lancaster"
104,2,147.885166666667,"lancaster"
104,3,105.7034,"lancaster"
104,4,89.4390666666666,"lancaster"
104,5,93.5872,"lancaster"
104,6,104.013166666667,"lancaster"
104,7,122.043966666667,"lancaster"
1,1,401.749333333334,"philadelphia"
1,2,176.9959,"philadelphia"
1,3,187.865033333333,"philadelphia"
1,4,265.929133333333,"philadelphia"
1,5,310.340866666667,"philadelphia"
1,6,319.681533333334,"philadelphia"
1,7,328.2289,"philadelphia"
2,1,152.399633333333,"philadelphia"
2,2,208.7058,"philadelphia"
2,3,336.392533333333,"philadelphia"
2,4,354.249666666667,"philadelphia"
2,5,284.635433333333,"philadelphia"
2,6,160.535666666667,"philadelphia"
2,7,156.577633333333,"philadelphia"
3,1,334.0798,"philadelphia"
3,2,352.307566666667,"philadelphia"
3,3,292.9585,"philadelphia"
3,4,159.5053,"philadelphia"
3,5,156.773666666667,"philadelphia"
3,6,164.7396,"philadelphia"
3,7,188.095,"philadelphia"
4,1,287.684266666667,"philadelphia"
4,2,152.748933333333,"philadelphia"
4,3,157.751866666667,"philadelphia"
4,4,164.96,"philadelphia"
4,5,194.287466666667,"philadelphia"
4,6,288.443933333333,"philadelphia"
4,7,316.106966666667,"philadelphia"
5,1,150.359366666667,"philadelphia"
5,2,170.759233333333,"philadelphia"
5,3,214.854133333333,"philadelphia"
5,4,354.283866666667,"philadelphia"
5,5,385.4599,"philadelphia"
5,6,274.3941,"philadelphia"
5,7,172.740033333333,"philadelphia"
6,1,217.943266666667,"philadelphia"
6,2,381.252633333333,"philadelphia"
6,3,415.6597,"philadelphia"
6,4,296.369533333333,"philadelphia"
6,5,170.424666666667,"philadelphia"
6,6,167.199433333333,"philadelphia"
6,7,174.193966666667,"philadelphia"
7,1,438.1541,"philadelphia"
7,2,316.728066666667,"philadelphia"
7,3,180.143066666667,"philadelphia"
7,4,188.246,"philadelphia"
7,5,209.444333333333,"philadelphia"
7,6,227.191233333333,"philadelphia"
7,7,285.969266666667,"philadelphia"
8,1,163.27,"philadelphia"
8,2,168.785033333333,"philadelphia"
8,3,195.678,"philadelphia"
8,4,238.133366666667,"philadelphia"
8,5,300.874966666667,"philadelphia"
8,6,294.867766666667,"philadelphia"
8,7,191.684133333333,"philadelphia"
9,1,311.145766666667,"philadelphia"
9,2,287.754,"philadelphia"
9,3,312.7078,"philadelphia"
9,4,297.1514,"philadelphia"
9,5,209.1636,"philadelphia"
9,6,208.563533333333,"philadelphia"
9,7,263.3329,"philadelphia"
10,1,644.8885,"philadelphia"
10,2,417.306433333333,"philadelphia"
10,3,286.864966666667,"philadelphia"
10,4,269.295466666667,"philadelphia"
10,5,353.4042,"philadelphia"
10,6,377.606966666666,"philadelphia"
10,7,451.003033333333,"philadelphia"
11,1,279.126633333333,"philadelphia"
11,2,265.948966666667,"philadelphia"
11,3,332.272733333333,"philadelphia"
11,4,340.466466666667,"philadelphia"
11,5,330.0589,"philadelphia"
11,6,318.4845,"philadelphia"
11,7,301.213633333333,"philadelphia"
12,1,225.376766666666,"philadelphia"
12,2,266.513666666667,"philadelphia"
12,3,311.3816,"philadelphia"
12,4,336.002966666667,"philadelphia"
12,5,306.9783,"philadelphia"
12,6,195.5741,"philadelphia"
12,7,204.562433333333,"philadelphia"
13,1,264.2794,"philadelphia"
13,2,347.7064,"philadelphia"
13,3,305.423166666667,"philadelphia"
13,4,190.229366666667,"philadelphia"
13,5,197.865933333333,"philadelphia"
13,6,213.6031,"philadelphia"
13,7,224.817666666667,"philadelphia"
14,1,377.157166666667,"philadelphia"
14,2,240.937533333333,"philadelphia"
14,3,206.835133333333,"philadelphia"
14,4,220.949166666667,"philadelphia"
14,5,220.698333333333,"philadelphia"
14,6,267.427766666667,"philadelphia"
14,7,301.939533333333,"philadelphia"
15,1,199.322766666667,"philadelphia"
15,2,216.645266666667,"philadelphia"
15,3,230.532733333333,"philadelphia"
15,4,266.038033333333,"philadelphia"
15,5,341.653333333333,"philadelphia"
15,6,327.569166666667,"philadelphia"
15,7,228.168066666667,"philadelphia"
16,1,238.3052,"philadelphia"
16,2,278.616733333333,"philadelphia"
16,3,373.202466666667,"philadelphia"
16,4,375.294433333333,"philadelphia"
16,5,261.1965,"philadelphia"
16,6,221.129466666667,"philadelphia"
16,7,235.343466666667,"philadelphia"
17,1,387.1012,"philadelphia"
17,2,352.0592,"philadelphia"
17,3,236.692566666666,"philadelphia"
17,4,214.1807,"philadelphia"
17,5,222.3297,"philadelphia"
17,6,261.770166666667,"philadelphia"
17,7,288.535166666667,"philadelphia"
18,1,303.816466666667,"philadelphia"
18,2,246.5161,"philadelphia"
18,3,266.278166666667,"philadelphia"
18,4,284.119866666666,"philadelphia"
18,5,341.7359,"philadelphia"
18,6,407.9873,"philadelphia"
18,7,421.355633333333,"philadelphia"
19,1,295.0541,"philadelphia"
19,2,334.5593,"philadelphia"
19,3,343.73,"philadelphia"
19,4,375.895733333333,"philadelphia"
19,5,442.408166666667,"philadelphia"
19,6,420.2996,"philadelphia"
19,7,451.790466666667,"philadelphia"
20,1,340.480833333333,"philadelphia"
20,2,382.4439,"philadelphia"
20,3,425.303633333333,"philadelphia"
20,4,398.170133333333,"philadelphia"
20,5,461.650133333333,"philadelphia"
20,6,514.8044,"philadelphia"
20,7,464.567933333333,"philadelphia"
21,1,513.2999,"philadelphia"
21,2,399.920366666667,"philadelphia"
21,3,395.9514,"philadelphia"
21,4,421.1207,"philadelphia"
21,5,445.1393,"philadelphia"
21,6,497.231933333333,"philadelphia"
21,7,538.9375,"philadelphia"
22,1,445.975233333333,"philadelphia"
22,2,416.199866666667,"philadelphia"
22,3,411.3833,"philadelphia"
22,4,462.392,"philadelphia"
22,5,476.594033333333,"philadelphia"
22,6,495.308333333333,"philadelphia"
22,7,568.483,"philadelphia"
23,1,403.065033333333,"philadelphia"
23,2,415.341733333333,"philadelphia"
23,3,513.533166666667,"philadelphia"
23,4,601.606133333333,"philadelphia"
23,5,512.2353,"philadelphia"
23,6,388.6907,"philadelphia"
23,7,313.501833333333,"philadelphia"
24,1,480.0954,"philadelphia"
24,2,572.659833333333,"philadelphia"
24,3,490.676466666667,"philadelphia"
24,4,389.249566666667,"philadelphia"
24,5,331.782466666666,"philadelphia"
24,6,333.624166666667,"philadelphia"
24,7,347.155933333333,"philadelphia"
25,1,473.9344,"philadelphia"
25,2,373.055833333333,"philadelphia"
25,3,345.028966666667,"philadelphia"
25,4,379.5851,"philadelphia"
25,5,449.078,"philadelphia"
25,6,545.3761,"philadelphia"
25,7,588.397466666667,"philadelphia"
26,1,376.869933333333,"philadelphia"
26,2,469.963033333333,"philadelphia"
26,3,462.409133333333,"philadelphia"
26,4,515.0104,"philadelphia"
26,5,522.441433333334,"philadelphia"
26,6,523.518933333333,"philadelphia"
26,7,446.761833333333,"philadelphia"
27,1,315.8882,"philadelphia"
27,2,346.451266666667,"philadelphia"
27,3,357.624366666667,"philadelphia"
27,4,490.9095,"philadelphia"
27,5,543.937833333333,"philadelphia"
27,6,552.430333333333,"philadelphia"
27,7,499.975133333333,"philadelphia"
28,1,364.568033333333,"philadelphia"
28,2,557.260833333333,"philadelphia"
28,3,531.835733333333,"philadelphia"
28,4,540.2718,"philadelphia"
28,5,480.0718,"philadelphia"
28,6,399.894666666667,"philadelphia"
28,7,382.3504,"philadelphia"
29,1,206.828266666667,"philadelphia"
29,2,216.208366666667,"philadelphia"
29,3,266.9505,"philadelphia"
29,4,307.886633333333,"philadelphia"
29,5,340.508933333333,"philadelphia"
29,6,199.170933333333,"philadelphia"
29,7,195.169,"philadelphia"
30,1,211.8137,"philadelphia"
30,2,291.7472,"philadelphia"
30,3,390.463466666667,"philadelphia"
30,4,316.707733333333,"philadelphia"
30,5,175.192366666667,"philadelphia"
30,6,183.286433333333,"philadelphia"
30,7,209.836066666667,"philadelphia"
31,1,369.217866666667,"philadelphia"
31,2,338.238366666667,"philadelphia"
31,3,187.842666666667,"philadelphia"
31,4,159.5548,"philadelphia"
31,5,168.1455,"philadelphia"
31,6,181.7881,"philadelphia"
31,7,223.743066666667,"philadelphia"
32,1,152.957,"philadelphia"
32,2,149.169366666667,"philadelphia"
32,3,157.1193,"philadelphia"
32,4,176.254033333333,"philadelphia"
32,5,215.764066666667,"philadelphia"
32,6,347.816966666667,"philadelphia"
32,7,245.1011,"philadelphia"
33,1,155.0996,"philadelphia"
33,2,176.592066666667,"philadelphia"
33,3,216.7514,"philadelphia"
33,4,550.4497,"philadelphia"
33,5,441.309366666667,"philadelphia"
33,6,333.619566666667,"philadelphia"
33,7,176.602533333333,"philadelphia"
34,1,206.459033333333,"philadelphia"
34,2,539.211433333333,"philadelphia"
34,3,424.6993,"philadelphia"
34,4,324.250366666667,"philadelphia"
34,5,177.5702,"philadelphia"
34,6,198.8207,"philadelphia"
34,7,229.966266666667,"philadelphia"
35,1,750.7096,"philadelphia"
35,2,533.261133333333,"philadelphia"
35,3,201.4429,"philadelphia"
35,4,174.389133333333,"philadelphia"
35,5,223.007233333333,"philadelphia"
35,6,259.504133333333,"philadelphia"
35,7,291.948133333334,"philadelphia"
36,1,222.716933333333,"philadelphia"
36,2,181.003933333333,"philadelphia"
36,3,208.014766666667,"philadelphia"
36,4,239.834966666667,"philadelphia"
36,5,293.513733333333,"philadelphia"
36,6,305.486733333333,"philadelphia"
36,7,334.016266666667,"philadelphia"
37,1,154.525866666667,"philadelphia"
37,2,187.770333333333,"philadelphia"
37,3,302.097533333333,"philadelphia"
37,4,379.175766666667,"philadelphia"
37,5,335.4935,"philadelphia"
37,6,177.1495,"philadelphia"
37,7,178.965366666666,"philadelphia"
38,1,298.2311,"philadelphia"
38,2,366.1016,"philadelphia"
38,3,316.721133333333,"philadelphia"
38,4,172.5833,"philadelphia"
38,5,172.8106,"philadelphia"
38,6,196.384066666667,"philadelphia"
38,7,220.176066666667,"philadelphia"
39,1,248.586266666667,"philadelphia"
39,2,160.9912,"philadelphia"
39,3,154.249533333333,"philadelphia"
39,4,162.9993,"philadelphia"
39,5,185.1977,"philadelphia"
39,6,233.881633333333,"philadelphia"
39,7,267.5597,"philadelphia"
40,1,138.283566666667,"philadelphia"
40,2,156.1703,"philadelphia"
40,3,209.9836,"philadelphia"
40,4,598.763,"philadelphia"
40,5,423.656633333333,"philadelphia"
40,6,293.441333333333,"philadelphia"
40,7,168.1061,"philadelphia"
41,1,201.581066666667,"philadelphia"
41,2,634.2157,"philadelphia"
41,3,469.054,"philadelphia"
41,4,331.641266666666,"philadelphia"
41,5,163.4684,"philadelphia"
41,6,167.356433333333,"philadelphia"
41,7,192.4546,"philadelphia"
42,1,368.538533333333,"philadelphia"
42,2,312.4438,"philadelphia"
42,3,176.303366666667,"philadelphia"
42,4,160.1147,"philadelphia"
42,5,164.525533333333,"philadelphia"
42,6,176.2857,"philadelphia"
42,7,219.007766666667,"philadelphia"
43,1,151.8935,"philadelphia"
43,2,172.796233333333,"philadelphia"
43,3,191.056466666667,"philadelphia"
43,4,235.184566666667,"philadelphia"
43,5,289.883466666667,"philadelphia"
43,6,184.749366666667,"philadelphia"
43,7,160.776166666667,"philadelphia"
44,1,147.926733333333,"philadelphia"
44,2,182.506833333333,"philadelphia"
44,3,281.962766666667,"philadelphia"
44,4,179.3564,"philadelphia"
44,5,127.833233333333,"philadelphia"
44,6,132.3736,"philadelphia"
44,7,160.314366666667,"philadelphia"
45,1,273.799366666667,"philadelphia"
45,2,195.609966666667,"philadelphia"
45,3,126.627766666667,"philadelphia"
45,4,117.405366666667,"philadelphia"
45,5,131.408633333333,"philadelphia"
45,6,139.015633333333,"philadelphia"
45,7,195.9369,"philadelphia"
46,1,129.682166666667,"philadelphia"
46,2,122.514133333333,"philadelphia"
46,3,151.167466666667,"philadelphia"
46,4,158.2126,"philadelphia"
46,5,206.5512,"philadelphia"
46,6,731.2515,"philadelphia"
46,7,499.372066666667,"philadelphia"
47,1,141.703433333333,"philadelphia"
47,2,166.969333333333,"philadelphia"
47,3,214.602866666667,"philadelphia"
47,4,718.143000000001,"philadelphia"
47,5,483.750733333333,"philadelphia"
47,6,334.315733333333,"philadelphia"
47,7,166.427233333333,"philadelphia"
48,1,220.618233333333,"philadelphia"
48,2,618.126366666667,"philadelphia"
48,3,431.3232,"philadelphia"
48,4,308.025166666667,"philadelphia"
48,5,191.861466666667,"philadelphia"
48,6,228.726566666667,"philadelphia"
48,7,258.195933333333,"philadelphia"
49,1,708.4963,"philadelphia"
49,2,293.707033333333,"philadelphia"
49,3,177.423866666667,"philadelphia"
49,4,196.111566666667,"philadelphia"
49,5,223.325966666667,"philadelphia"
49,6,266.6317,"philadelphia"
49,7,290.871066666667,"philadelphia"
50,1,170.885533333333,"philadelphia"
50,2,176.4879,"philadelphia"
50,3,203.299366666667,"philadelphia"
50,4,263.596066666667,"philadelphia"
50,5,305.041933333333,"philadelphia"
50,6,390.068466666667,"philadelphia"
50,7,363.092566666667,"philadelphia"
51,1,163.7878,"philadelphia"
51,2,248.384733333333,"philadelphia"
51,3,319.051966666667,"philadelphia"
51,4,341.051533333333,"philadelphia"
51,5,226.248633333333,"philadelphia"
51,6,181.712133333333,"philadelphia"
51,7,200.077733333333,"philadelphia"
52,1,238.242633333333,"philadelphia"
52,2,369.7927,"philadelphia"
52,3,353.0594,"philadelphia"
52,4,248.521033333333,"philadelphia"
52,5,166.3866,"philadelphia"
52,6,162.3293,"philadelphia"
52,7,168.9244,"philadelphia"
53,1,201.361933333333,"philadelphia"
53,2,155.297,"philadelphia"
53,3,163.207666666667,"philadelphia"
53,4,160.872833333333,"philadelphia"
53,5,181.594766666667,"philadelphia"
53,6,245.293433333333,"philadelphia"
53,7,210.750466666667,"philadelphia"
54,1,147.410733333333,"philadelphia"
54,2,151.6845,"philadelphia"
54,3,193.6893,"philadelphia"
54,4,414.6091,"philadelphia"
54,5,309.6591,"philadelphia"
54,6,189.057166666667,"philadelphia"
54,7,157.433166666667,"philadelphia"
55,1,172.806133333333,"philadelphia"
55,2,360.604552380953,"philadelphia"
55,3,307.678166666667,"philadelphia"
55,4,187.876933333333,"philadelphia"
55,5,141.5148,"philadelphia"
55,6,149.463433333333,"philadelphia"
55,7,167.224766666667,"philadelphia"
56,1,208.650833333333,"philadelphia"
56,2,151.8641,"philadelphia"
56,3,123.313433333333,"philadelphia"
56,4,134.652333333333,"philadelphia"
56,5,138.237466666667,"philadelphia"
56,6,172.751433333333,"philadelphia"
56,7,284.564233333333,"philadelphia"
57,1,118.109566666667,"philadelphia"
57,2,128.733433333333,"philadelphia"
57,3,133.570733333333,"philadelphia"
57,4,176.4801,"philadelphia"
57,5,315.727933333334,"philadelphia"
57,6,222.466166666667,"philadelphia"
57,7,137.873466666667,"philadelphia"
58,1,129.437633333333,"philadelphia"
58,2,166.138766666667,"philadelphia"
58,3,274.282166666667,"philadelphia"
58,4,199.524433333333,"philadelphia"
58,5,132.619133333333,"philadelphia"
58,6,118.568666666667,"philadelphia"
58,7,146.384033333333,"philadelphia"
59,1,267.6671,"philadelphia"
59,2,201.558433333333,"philadelphia"
59,3,131.0698,"philadelphia"
59,4,116.447233333333,"philadelphia"
59,5,152.063533333333,"philadelphia"
59,6,151.296766666667,"philadelphia"
59,7,181.690833333333,"philadelphia"
60,1,127.088533333333,"philadelphia"
60,2,117.7549,"philadelphia"
60,3,131.6075,"philadelphia"
60,4,133.569833333333,"philadelphia"
60,5,170.135033333333,"philadelphia"
60,6,323.644333333333,"philadelphia"
60,7,227.601633333333,"philadelphia"
61,1,130.894233333333,"philadelphia"
61,2,136.682733333333,"philadelphia"
61,3,174.299966666667,"philadelphia"
61,4,301.8938,"philadelphia"
61,5,212.526033333333,"philadelphia"
61,6,123.912566666667,"philadelphia"
61,7,123.3932,"philadelphia"
62,1,162.056566666667,"philadelphia"
62,2,277.9443,"philadelphia"
62,3,208.0747,"philadelphia"
62,4,134.0043,"philadelphia"
62,5,124.523766666667,"philadelphia"
62,6,142.260733333333,"philadelphia"
62,7,151.0829,"philadelphia"
63,1,217.647133333333,"philadelphia"
63,2,135.754633333333,"philadelphia"
63,3,135.842533333333,"philadelphia"
63,4,141.338866666667,"philadelphia"
63,5,167.031733333333,"philadelphia"
63,6,236.532233333333,"philadelphia"
63,7,630.0613,"philadelphia"
64,1,140.5514,"philadelphia"
64,2,148.049166666667,"philadelphia"
64,3,180.9764,"philadelphia"
64,4,227.2434,"philadelphia"
64,5,493.3601,"philadelphia"
64,6,386.872833333333,"philadelphia"
64,7,260.979866666667,"philadelphia"
65,1,179.786566666667,"philadelphia"
65,2,242.188233333333,"philadelphia"
65,3,493.8624,"philadelphia"
65,4,391.1069,"philadelphia"
65,5,271.4743,"philadelphia"
65,6,187.898166666667,"philadelphia"
65,7,220.222166666667,"philadelphia"
66,1,403.287733333333,"philadelphia"
66,2,342.746333333333,"philadelphia"
66,3,176.513533333333,"philadelphia"
66,4,171.4022,"philadelphia"
66,5,188.506866666667,"philadelphia"
66,6,209.6912,"philadelphia"
66,7,235.325966666667,"philadelphia"
67,1,149.064666666667,"philadelphia"
67,2,149.1482,"philadelphia"
67,3,154.6004,"philadelphia"
67,4,171.687966666667,"philadelphia"
67,5,218.520266666667,"philadelphia"
67,6,501.6849,"philadelphia"
67,7,384.661533333333,"philadelphia"
68,1,162.2045,"philadelphia"
68,2,173.572333333333,"philadelphia"
68,3,221.2248,"philadelphia"
68,4,638.5655,"philadelphia"
68,5,415.3872,"philadelphia"
68,6,277.9037,"philadelphia"
68,7,186.135366666667,"philadelphia"
69,1,227.518866666667,"philadelphia"
69,2,614.918633333333,"philadelphia"
69,3,428.6857,"philadelphia"
69,4,287.601766666667,"philadelphia"
69,5,188.8603,"philadelphia"
69,6,220.6452,"philadelphia"
69,7,251.118933333333,"philadelphia"
70,1,251.231233333333,"philadelphia"
70,2,176.795666666667,"philadelphia"
70,3,175.469366666667,"philadelphia"
70,4,206.499933333333,"philadelphia"
70,5,219.004666666667,"philadelphia"
70,6,233.006666666667,"philadelphia"
70,7,316.068833333333,"philadelphia"
71,1,185.989333333333,"philadelphia"
71,2,201.5317,"philadelphia"
71,3,217.243566666667,"philadelphia"
71,4,233.542333333333,"philadelphia"
71,5,312.7216,"philadelphia"
71,6,233.448633333333,"philadelphia"
71,7,190.6238,"philadelphia"
72,1,173.2062,"philadelphia"
72,2,219.178933333333,"philadelphia"
72,3,372.337333333333,"philadelphia"
72,4,330.966566666667,"philadelphia"
72,5,206.396233333333,"philadelphia"
72,6,173.719666666667,"philadelphia"
72,7,205.484666666667,"philadelphia"
73,1,366.520966666667,"philadelphia"
73,2,323.278366666667,"philadelphia"
73,3,200.714366666667,"philadelphia"
73,4,160.377966666667,"philadelphia"
73,5,160.2645,"philadelphia"
73,6,169.6358,"philadelphia"
73,7,204.194533333333,"philadelphia"
74,1,180.8797,"philadelphia"
74,2,163.767733333333,"philadelphia"
74,3,163.541933333333,"philadelphia"
74,4,181.9515,"philadelphia"
74,5,223.0913,"philadelphia"
74,6,330.928866666667,"philadelphia"
74,7,255.578933333333,"philadelphia"
75,1,157.5455,"philadelphia"
75,2,173.508233333333,"philadelphia"
75,3,213.936433333333,"philadelphia"
75,4,468.383266666667,"philadelphia"
75,5,351.8841,"philadelphia"
75,6,239.211433333333,"philadelphia"
75,7,178.3651,"philadelphia"
76,1,200.3473,"philadelphia"
76,2,544.7803,"philadelphia"
76,3,380.2489,"philadelphia"
76,4,273.6443,"philadelphia"
76,5,168.1069,"philadelphia"
76,6,174.991666666667,"philadelphia"
76,7,201.989733333333,"philadelphia"
77,1,329.379366666667,"philadelphia"
77,2,188.821066666667,"philadelphia"
77,3,155.6155,"philadelphia"
77,4,161.0004,"philadelphia"
77,5,169.388633333333,"philadelphia"
77,6,232.099566666667,"philadelphia"
77,7,329.181933333334,"philadelphia"
78,1,151.153766666667,"philadelphia"
78,2,153.673966666667,"philadelphia"
78,3,170.408366666667,"philadelphia"
78,4,214.595133333333,"philadelphia"
78,5,337.702033333333,"philadelphia"
78,6,256.331033333333,"philadelphia"
78,7,191.969466666667,"philadelphia"
79,1,196.645733333333,"philadelphia"
79,2,233.6129,"philadelphia"
79,3,324.91,"philadelphia"
79,4,242.171033333333,"philadelphia"
79,5,192.7746,"philadelphia"
79,6,209.762333333333,"philadelphia"
79,7,214.7661,"philadelphia"
80,1,348.8012,"philadelphia"
80,2,269.807066666667,"philadelphia"
80,3,203.2911,"philadelphia"
80,4,211.783866666667,"philadelphia"
80,5,217.617233333333,"philadelphia"
80,6,240.6272,"philadelphia"
80,7,298.1706,"philadelphia"
81,1,188.3865,"philadelphia"
81,2,214.104566666667,"philadelphia"
81,3,224.5067,"philadelphia"
81,4,286.4673,"philadelphia"
81,5,385.1524,"philadelphia"
81,6,362.959133333333,"philadelphia"
81,7,285.524433333333,"philadelphia"
82,1,196.016333333333,"philadelphia"
82,2,252.096333333333,"philadelphia"
82,3,334.0945,"philadelphia"
82,4,300.0633,"philadelphia"
82,5,200.418633333333,"philadelphia"
82,6,173.110933333333,"philadelphia"
82,7,187.455433333333,"philadelphia"
83,1,353.2581,"philadelphia"
83,2,330.907466666666,"philadelphia"
83,3,214.103166666667,"philadelphia"
83,4,178.6886,"philadelphia"
83,5,192.727366666667,"philadelphia"
83,6,215.287733333333,"philadelphia"
83,7,251.7301,"philadelphia"
84,1,181.914766666667,"philadelphia"
84,2,179.3618,"philadelphia"
84,3,195.6461,"philadelphia"
84,4,216.683633333333,"philadelphia"
84,5,242.4862,"philadelphia"
84,6,322.862766666667,"philadelphia"
84,7,243.413366666667,"philadelphia"
85,1,152.596,"philadelphia"
85,2,169.6591,"philadelphia"
85,3,238.7802,"philadelphia"
85,4,451.133866666667,"philadelphia"
85,5,355.926033333333,"philadelphia"
85,6,221.5395,"philadelphia"
85,7,193.290333333333,"philadelphia"
86,1,220.054266666667,"philadelphia"
86,2,397.733466666667,"philadelphia"
86,3,350.518466666667,"philadelphia"
86,4,201.211,"philadelphia"
86,5,175.881266666667,"philadelphia"
86,6,198.393433333333,"philadelphia"
86,7,224.509366666667,"philadelphia"
87,1,287.3158,"philadelphia"
87,2,169.4349,"philadelphia"
87,3,162.250966666667,"philadelphia"
87,4,161.041266666667,"philadelphia"
87,5,177.275933333333,"philadelphia"
87,6,221.9265,"philadelphia"
87,7,337.0356,"philadelphia"
88,1,142.2544,"philadelphia"
88,2,150.497666666667,"philadelphia"
88,3,174.904066666667,"philadelphia"
88,4,221.5116,"philadelphia"
88,5,752.7247,"philadelphia"
88,6,595.347066666667,"philadelphia"
88,7,301.998,"philadelphia"
89,1,157.446233333333,"philadelphia"
89,2,209.2741,"philadelphia"
89,3,575.511366666667,"philadelphia"
89,4,408.519933333334,"philadelphia"
89,5,275.705633333333,"philadelphia"
89,6,177.1496,"philadelphia"
89,7,187.615066666667,"philadelphia"
90,1,602.7278,"philadelphia"
90,2,418.169233333333,"philadelphia"
90,3,287.037433333333,"philadelphia"
90,4,185.581333333333,"philadelphia"
90,5,202.743066666667,"philadelphia"
90,6,236.250266666667,"philadelphia"
90,7,252.8769,"philadelphia"
91,1,159.368433333333,"philadelphia"
91,2,153.510533333333,"philadelphia"
91,3,156.688533333333,"philadelphia"
91,4,176.7305,"philadelphia"
91,5,215.0589,"philadelphia"
91,6,337.472033333333,"philadelphia"
91,7,260.895533333333,"philadelphia"
92,1,151.4883,"philadelphia"
92,2,178.314466666667,"philadelphia"
92,3,221.881533333333,"philadelphia"
92,4,518.277733333333,"philadelphia"
92,5,368.2464,"philadelphia"
92,6,267.270133333333,"philadelphia"
92,7,177.8783,"philadelphia"
93,1,229.217833333333,"philadelphia"
93,2,539.908033333334,"philadelphia"
93,3,376.308166666666,"philadelphia"
93,4,239.007566666667,"philadelphia"
93,5,181.479566666667,"philadelphia"
93,6,224.1704,"philadelphia"
93,7,247.996633333333,"philadelphia"
94,1,289.816266666667,"philadelphia"
94,2,172.179766666667,"philadelphia"
94,3,166.290766666667,"philadelphia"
94,4,174.108266666667,"philadelphia"
94,5,204.944033333333,"philadelphia"
94,6,246.174766666667,"philadelphia"
94,7,325.0152,"philadelphia"
95,1,168.562566666667,"philadelphia"
95,2,176.659033333333,"philadelphia"
95,3,207.471733333333,"philadelphia"
95,4,248.538333333333,"philadelphia"
95,5,321.617233333334,"philadelphia"
95,6,247.441866666667,"philadelphia"
95,7,171.0936,"philadelphia"
96,1,211.662633333333,"philadelphia"
96,2,255.625066666667,"philadelphia"
96,3,342.8147,"philadelphia"
96,4,276.808633333333,"philadelphia"
96,5,193.521566666667,"philadelphia"
96,6,189.873866666667,"philadelphia"
96,7,207.447733333333,"philadelphia"
97,1,326.171566666667,"philadelphia"
97,2,273.1863,"philadelphia"
97,3,191.010166666667,"philadelphia"
97,4,187.5006,"philadelphia"
97,5,203.590733333333,"philadelphia"
97,6,222.1808,"philadelphia"
97,7,243.6516,"philadelphia"
98,1,704.316733333334,"philadelphia"
98,2,376.865933333333,"philadelphia"
98,3,223.153933333333,"philadelphia"
98,4,211.644366666667,"philadelphia"
98,5,264.107333333333,"philadelphia"
98,6,319.310966666666,"philadelphia"
98,7,340.482866666667,"philadelphia"
99,1,184.139833333333,"philadelphia"
99,2,188.892466666667,"philadelphia"
99,3,258.818433333333,"philadelphia"
99,4,396.7655,"philadelphia"
99,5,427.685333333333,"philadelphia"
99,6,334.6995,"philadelphia"
99,7,215.039566666667,"philadelphia"
100,1,221.3693,"philadelphia"
100,2,335.164966666666,"philadelphia"
100,3,374.875433333333,"philadelphia"
100,4,315.6946,"philadelphia"
100,5,197.562666666667,"philadelphia"
100,6,180.679933333333,"philadelphia"
100,7,208.780033333333,"philadelphia"
101,1,369.137957142857,"philadelphia"
101,2,338.114966666667,"philadelphia"
101,3,197.139066666667,"philadelphia"
101,4,173.449166666667,"philadelphia"
101,5,196.067433333333,"philadelphia"
101,6,232.085733333333,"philadelphia"
101,7,291.225833333333,"philadelphia"
102,1,155.230566666667,"philadelphia"
102,2,161.3646,"philadelphia"
102,3,167.104533333333,"philadelphia"
102,4,226.764133333333,"philadelphia"
102,5,407.219666666667,"philadelphia"
102,6,313.154566666667,"philadelphia"
102,7,175.256766666667,"philadelphia"
103,1,178.687033333333,"philadelphia"
103,2,223.805566666667,"philadelphia"
103,3,400.4291,"philadelphia"
103,4,326.596033333333,"philadelphia"
103,5,200.1344,"philadelphia"
103,6,169.709833333333,"philadelphia"
103,7,192.4447,"philadelphia"
104,1,379.908933333334,"philadelphia"
104,2,314.759833333333,"philadelphia"
104,3,201.188733333333,"philadelphia"
104,4,165.374666666667,"philadelphia"
104,5,167.744966666667,"philadelphia"
104,6,182.4289,"philadelphia"
104,7,214.314066666667,"philadelphia"
1,1,117.137266666667,"richmond"
1,2,66.0960333333334,"richmond"
1,3,70.8185333333333,"richmond"
1,4,89.7408666666667,"richmond"
1,5,103.573333333333,"richmond"
1,6,118.985833333333,"richmond"
1,7,105.5184,"richmond"
2,1,44.9818333333333,"richmond"
2,2,58.6542666666667,"richmond"
2,3,89.977,"richmond"
2,4,126.501866666667,"richmond"
2,5,105.984466666667,"richmond"
2,6,51.9524333333333,"richmond"
2,7,49.8330666666667,"richmond"
3,1,92.9841666666667,"richmond"
3,2,146.290433333333,"richmond"
3,3,122.098633333333,"richmond"
3,4,61.4981333333333,"richmond"
3,5,57.1269333333333,"richmond"
3,6,58.5931,"richmond"
3,7,65.1565,"richmond"
4,1,86.8649666666667,"richmond"
4,2,53.2197666666667,"richmond"
4,3,50.8655333333333,"richmond"
4,4,54.6800333333333,"richmond"
4,5,63.1739,"richmond"
4,6,98.0844,"richmond"
4,7,103.949233333333,"richmond"
5,1,45.7908,"richmond"
5,2,50.5333333333333,"richmond"
5,3,67.4239,"richmond"
5,4,165.776433333333,"richmond"
5,5,148.921266666667,"richmond"
5,6,103.926966666667,"richmond"
5,7,53.5769666666667,"richmond"
6,1,66.8438333333333,"richmond"
6,2,161.5171,"richmond"
6,3,144.018766666667,"richmond"
6,4,98.5711333333333,"richmond"
6,5,54.6961,"richmond"
6,6,55.0581333333334,"richmond"
6,7,59.9982333333333,"richmond"
7,1,142.447033333333,"richmond"
7,2,91.3149,"richmond"
7,3,52.1628333333333,"richmond"
7,4,53.7722333333333,"richmond"
7,5,57.2941666666667,"richmond"
7,6,65.3481666666667,"richmond"
7,7,98.0202666666666,"richmond"
8,1,48.5184,"richmond"
8,2,50.4700666666667,"richmond"
8,3,56.0016,"richmond"
8,4,68.3207,"richmond"
8,5,122.475833333333,"richmond"
8,6,105.555,"richmond"
8,7,63.1362,"richmond"
9,1,74.4460666666667,"richmond"
9,2,79.2329,"richmond"
9,3,112.264133333333,"richmond"
9,4,92.7327,"richmond"
9,5,65.0359,"richmond"
9,6,68.6698666666667,"richmond"
9,7,86.4861666666666,"richmond"
10,1,204.065433333333,"richmond"
10,2,137.821033333333,"richmond"
10,3,76.4941,"richmond"
10,4,86.0353666666667,"richmond"
10,5,101.256033333333,"richmond"
10,6,104.4722,"richmond"
10,7,116.029166666667,"richmond"
11,1,70.9882666666666,"richmond"
11,2,87.0460666666666,"richmond"
11,3,101.563933333333,"richmond"
11,4,100.639733333333,"richmond"
11,5,127.252066666667,"richmond"
11,6,125.4436,"richmond"
11,7,105.368333333333,"richmond"
12,1,74.2122,"richmond"
12,2,89.2416,"richmond"
12,3,120.2293,"richmond"
12,4,118.602233333333,"richmond"
12,5,102.909433333333,"richmond"
12,6,62.4409333333333,"richmond"
12,7,65.5222,"richmond"
13,1,86.3269666666666,"richmond"
13,2,120.198133333333,"richmond"
13,3,104.061533333333,"richmond"
13,4,61.5223333333334,"richmond"
13,5,60.1134333333333,"richmond"
13,6,61.1113333333333,"richmond"
13,7,66.0677666666666,"richmond"
14,1,113.295833333333,"richmond"
14,2,72.7877333333333,"richmond"
14,3,62.2250333333333,"richmond"
14,4,62.5071333333334,"richmond"
14,5,70.3209333333333,"richmond"
14,6,82.2554666666667,"richmond"
14,7,102.256266666667,"richmond"
15,1,57.4535666666667,"richmond"
15,2,58.9624,"richmond"
15,3,64.7164333333333,"richmond"
15,4,81.4023333333334,"richmond"
15,5,109.012866666667,"richmond"
15,6,105.4302,"richmond"
15,7,63.807,"richmond"
16,1,72.0543333333333,"richmond"
16,2,86.8318666666667,"richmond"
16,3,110.742933333333,"richmond"
16,4,103.276133333333,"richmond"
16,5,66.3879,"richmond"
16,6,65.7238333333333,"richmond"
16,7,70.5268,"richmond"
17,1,113.621766666667,"richmond"
17,2,107.076,"richmond"
17,3,71.8463,"richmond"
17,4,66.3320333333333,"richmond"
17,5,70.6252,"richmond"
17,6,76.0844666666667,"richmond"
17,7,85.3256333333334,"richmond"
18,1,85.2072333333333,"richmond"
18,2,73.8313333333333,"richmond"
18,3,78.6387,"richmond"
18,4,87.7476761904762,"richmond"
18,5,95.0640666666667,"richmond"
18,6,112.730766666667,"richmond"
18,7,102.2366,"richmond"
19,1,80.4828,"richmond"
19,2,88.2376666666667,"richmond"
19,3,100.453366666667,"richmond"
19,4,110.3235,"richmond"
19,5,94.7867000000001,"richmond"
19,6,84.1215,"richmond"
19,7,83.4248333333333,"richmond"
20,1,115.921833333333,"richmond"
20,2,105.778766666667,"richmond"
20,3,98.0305333333333,"richmond"
20,4,96.1059333333334,"richmond"
20,5,97.6408333333334,"richmond"
20,6,101.663033333333,"richmond"
20,7,99.2310333333334,"richmond"
21,1,153.164733333333,"richmond"
21,2,147.079133333333,"richmond"
21,3,152.804466666667,"richmond"
21,4,137.015,"richmond"
21,5,145.556166666667,"richmond"
21,6,159.536266666667,"richmond"
21,7,185.631666666667,"richmond"
22,1,172.444833333333,"richmond"
22,2,143.9703,"richmond"
22,3,151.306,"richmond"
22,4,158.478366666667,"richmond"
22,5,171.5898,"richmond"
22,6,177.9067,"richmond"
22,7,174.2724,"richmond"
23,1,120.5265,"richmond"
23,2,95.9843,"richmond"
23,3,124.5335,"richmond"
23,4,125.9373,"richmond"
23,5,134.398233333333,"richmond"
23,6,143.2303,"richmond"
23,7,131.313766666667,"richmond"
24,1,222.948466666667,"richmond"
24,2,194.493233333333,"richmond"
24,3,149.1892,"richmond"
24,4,120.866733333333,"richmond"
24,5,96.1141,"richmond"
24,6,120.4117,"richmond"
24,7,118.0394,"richmond"
25,1,148.865966666667,"richmond"
25,2,130.2309,"richmond"
25,3,150.130633333333,"richmond"
25,4,168.433533333333,"richmond"
25,5,172.4989,"richmond"
25,6,175.021766666667,"richmond"
25,7,164.0195,"richmond"
26,1,105.3769,"richmond"
26,2,112.9756,"richmond"
26,3,106.4131,"richmond"
26,4,108.382766666667,"richmond"
26,5,123.2806,"richmond"
26,6,115.590066666667,"richmond"
26,7,110.497233333333,"richmond"
27,1,97.6369,"richmond"
27,2,91.5010333333333,"richmond"
27,3,124.797666666667,"richmond"
27,4,121.389,"richmond"
27,5,99.4871,"richmond"
27,6,82.7876666666666,"richmond"
27,7,79.9097999999999,"richmond"
28,1,123.205066666667,"richmond"
28,2,111.773833333333,"richmond"
28,3,98.1160333333333,"richmond"
28,4,82.1863333333333,"richmond"
28,5,81.6956666666667,"richmond"
28,6,87.7665000000001,"richmond"
28,7,109.591566666667,"richmond"
29,1,63.6313666666667,"richmond"
29,2,70.2953666666667,"richmond"
29,3,93.3217000000001,"richmond"
29,4,108.998,"richmond"
29,5,109.2863,"richmond"
29,6,65.715,"richmond"
29,7,64.4512666666667,"richmond"
30,1,62.6525,"richmond"
30,2,101.187566666667,"richmond"
30,3,153.307,"richmond"
30,4,114.488233333333,"richmond"
30,5,54.8330666666667,"richmond"
30,6,55.6314,"richmond"
30,7,68.5820333333333,"richmond"
31,1,117.861,"richmond"
31,2,82.9546000000001,"richmond"
31,3,49.3735333333333,"richmond"
31,4,44.3234666666667,"richmond"
31,5,45.8704333333333,"richmond"
31,6,51.5953333333333,"richmond"
31,7,67.2599666666667,"richmond"
32,1,42.7318333333334,"richmond"
32,2,43.4711666666667,"richmond"
32,3,44.7672666666667,"richmond"
32,4,49.2229333333333,"richmond"
32,5,67.8953,"richmond"
32,6,189.7489,"richmond"
32,7,137.390233333333,"richmond"
33,1,43.3002666666667,"richmond"
33,2,48.4625333333333,"richmond"
33,3,66.2428,"richmond"
33,4,185.209933333333,"richmond"
33,5,129.265933333333,"richmond"
33,6,110.906733333333,"richmond"
33,7,55.1003666666667,"richmond"
34,1,65.2351666666667,"richmond"
34,2,198.6984,"richmond"
34,3,143.0736,"richmond"
34,4,102.477866666667,"richmond"
34,5,52.2874333333333,"richmond"
34,6,56.3115666666666,"richmond"
34,7,72.5944333333333,"richmond"
35,1,243.945133333333,"richmond"
35,2,169.559233333333,"richmond"
35,3,77.0191333333333,"richmond"
35,4,55.4015666666667,"richmond"
35,5,61.0776,"richmond"
35,6,71.4460333333333,"richmond"
35,7,84.7128666666666,"richmond"
36,1,82.8953666666667,"richmond"
36,2,58.8248666666667,"richmond"
36,3,62.8363666666667,"richmond"
36,4,73.0834,"richmond"
36,5,86.3244,"richmond"
36,6,95.7287333333334,"richmond"
36,7,115.2349,"richmond"
37,1,46.5859666666667,"richmond"
37,2,56.6116333333333,"richmond"
37,3,82.4302333333333,"richmond"
37,4,150.0688,"richmond"
37,5,124.072066666667,"richmond"
37,6,72.2510666666667,"richmond"
37,7,57.0179333333333,"richmond"
38,1,82.8170333333333,"richmond"
38,2,115.882,"richmond"
38,3,78.4999000000001,"richmond"
38,4,49.4828333333333,"richmond"
38,5,50.6529333333333,"richmond"
38,6,52.5839,"richmond"
38,7,59.4224666666667,"richmond"
39,1,68.4184,"richmond"
39,2,49.0134,"richmond"
39,3,51.6302666666667,"richmond"
39,4,53.3983666666667,"richmond"
39,5,61.5231666666666,"richmond"
39,6,83.1949666666667,"richmond"
39,7,88.4416666666667,"richmond"
40,1,42.4215333333333,"richmond"
40,2,45.0982666666667,"richmond"
40,3,63.0768666666667,"richmond"
40,4,129.914466666667,"richmond"
40,5,128.524766666667,"richmond"
40,6,98.231,"richmond"
40,7,51.5515,"richmond"
41,1,60.3765333333333,"richmond"
41,2,124.0645,"richmond"
41,3,82.7685,"richmond"
41,4,49.1941666666667,"richmond"
41,5,43.7241666666666,"richmond"
41,6,46.4401666666666,"richmond"
41,7,50.9364333333333,"richmond"
42,1,77.6367666666667,"richmond"
42,2,51.9236666666667,"richmond"
42,3,42.1604333333333,"richmond"
42,4,43.5020333333333,"richmond"
42,5,45.722,"richmond"
42,6,55.9584333333333,"richmond"
42,7,90.0894333333333,"richmond"
43,1,46.4827666666667,"richmond"
43,2,61.3739,"richmond"
43,3,62.0962666666667,"richmond"
43,4,80.5372,"richmond"
43,5,85.3714666666667,"richmond"
43,6,56.3982333333333,"richmond"
43,7,51.4883666666667,"richmond"
44,1,49.4632333333333,"richmond"
44,2,66.1207666666667,"richmond"
44,3,85.4418333333333,"richmond"
44,4,54.0316,"richmond"
44,5,39.0464,"richmond"
44,6,46.6965,"richmond"
44,7,55.3096666666667,"richmond"
45,1,77.4134,"richmond"
45,2,53.2205666666666,"richmond"
45,3,44.1239666666667,"richmond"
45,4,40.4864333333333,"richmond"
45,5,71.7436,"richmond"
45,6,67.6712333333334,"richmond"
45,7,97.4645,"richmond"
46,1,45.5759333333333,"richmond"
46,2,39.6141,"richmond"
46,3,54.3401333333333,"richmond"
46,4,55.8336666666667,"richmond"
46,5,67.3473666666667,"richmond"
46,6,120.367133333333,"richmond"
46,7,87.7818000000001,"richmond"
47,1,53.4353,"richmond"
47,2,55.9586333333333,"richmond"
47,3,68.4135,"richmond"
47,4,211.9126,"richmond"
47,5,151.3352,"richmond"
47,6,105.299466666667,"richmond"
47,7,58.3916333333333,"richmond"
48,1,68.2202,"richmond"
48,2,246.5674,"richmond"
48,3,196.0225,"richmond"
48,4,107.454933333333,"richmond"
48,5,54.4025666666667,"richmond"
48,6,60.8582,"richmond"
48,7,71.7973666666667,"richmond"
49,1,231.780866666667,"richmond"
49,2,128.077633333333,"richmond"
49,3,78.2654,"richmond"
49,4,66.1703,"richmond"
49,5,76.4515,"richmond"
49,6,89.8879666666667,"richmond"
49,7,100.1024,"richmond"
50,1,53.1222333333334,"richmond"
50,2,56.2106666666666,"richmond"
50,3,62.8611333333333,"richmond"
50,4,86.0055666666667,"richmond"
50,5,101.626233333333,"richmond"
50,6,111.7473,"richmond"
50,7,84.2837666666666,"richmond"
51,1,47.6757333333333,"richmond"
51,2,62.0862,"richmond"
51,3,85.9967666666666,"richmond"
51,4,110.1382,"richmond"
51,5,76.2684666666667,"richmond"
51,6,50.1285333333333,"richmond"
51,7,51.3268333333333,"richmond"
52,1,77.0578666666668,"richmond"
52,2,86.3384666666666,"richmond"
52,3,71.2139,"richmond"
52,4,40.6549666666667,"richmond"
52,5,42.2692333333334,"richmond"
52,6,50.6231666666667,"richmond"
52,7,55.2652,"richmond"
53,1,52.5491666666667,"richmond"
53,2,41.7629,"richmond"
53,3,52.8943333333333,"richmond"
53,4,54.9791,"richmond"
53,5,70.4497,"richmond"
53,6,85.8927333333333,"richmond"
53,7,73.0799,"richmond"
54,1,45.4051666666667,"richmond"
54,2,51.6762,"richmond"
54,3,65.6408,"richmond"
54,4,94.2054000000001,"richmond"
54,5,65.5616666666667,"richmond"
54,6,43.8437,"richmond"
54,7,46.6837,"richmond"
55,1,54.1537333333333,"richmond"
55,2,88.8216,"richmond"
55,3,64.3649000000001,"richmond"
55,4,41.2334333333333,"richmond"
55,5,39.2966666666667,"richmond"
55,6,54.4682,"richmond"
55,7,57.2785666666667,"richmond"
56,1,61.6592333333333,"richmond"
56,2,50.5855,"richmond"
56,3,42.3780333333333,"richmond"
56,4,43.9209,"richmond"
56,5,54.6463333333333,"richmond"
56,6,61.0940666666666,"richmond"
56,7,83.1374,"richmond"
57,1,37.2152,"richmond"
57,2,47.5476666666667,"richmond"
57,3,53.5530666666667,"richmond"
57,4,63.8905666666667,"richmond"
57,5,79.6785666666666,"richmond"
57,6,61.2863333333333,"richmond"
57,7,49.7328,"richmond"
58,1,49.7344666666666,"richmond"
58,2,60.1154666666667,"richmond"
58,3,80.2928,"richmond"
58,4,56.6207666666667,"richmond"
58,5,39.6610666666667,"richmond"
58,6,46.1827666666667,"richmond"
58,7,52.7571666666667,"richmond"
59,1,73.0190000000001,"richmond"
59,2,56.3755666666667,"richmond"
59,3,38.2275333333334,"richmond"
59,4,33.8990666666667,"richmond"
59,5,56.0657333333333,"richmond"
59,6,53.9122333333333,"richmond"
59,7,65.7715333333333,"richmond"
60,1,40.0545333333333,"richmond"
60,2,34.2793333333333,"richmond"
60,3,59.5931333333333,"richmond"
60,4,54.5757666666667,"richmond"
60,5,74.4330666666667,"richmond"
60,6,83.3164666666667,"richmond"
60,7,66.9184,"richmond"
61,1,47.3762333333333,"richmond"
61,2,46.4101,"richmond"
61,3,59.3215,"richmond"
61,4,87.3531333333333,"richmond"
61,5,66.0505666666666,"richmond"
61,6,44.0428666666667,"richmond"
61,7,46.7083,"richmond"
62,1,49.4163,"richmond"
62,2,86.7268666666667,"richmond"
62,3,61.1322,"richmond"
62,4,38.3375,"richmond"
62,5,34.9800666666667,"richmond"
62,6,51.1745666666667,"richmond"
62,7,52.1368333333333,"richmond"
63,1,63.9558333333333,"richmond"
63,2,37.8057333333333,"richmond"
63,3,38.8465666666667,"richmond"
63,4,43.0895666666667,"richmond"
63,5,46.5447666666667,"richmond"
63,6,63.2446333333334,"richmond"
63,7,115.811633333333,"richmond"
64,1,39.7817333333333,"richmond"
64,2,47.2862,"richmond"
64,3,52.053,"richmond"
64,4,69.6494333333333,"richmond"
64,5,150.995933333333,"richmond"
64,6,121.945666666667,"richmond"
64,7,70.4678333333334,"richmond"
65,1,49.4613333333333,"richmond"
65,2,68.4257333333333,"richmond"
65,3,147.459933333333,"richmond"
65,4,116.877033333333,"richmond"
65,5,62.7411,"richmond"
65,6,52.134,"richmond"
65,7,58.3692666666667,"richmond"
66,1,124.685233333333,"richmond"
66,2,91.7012,"richmond"
66,3,57.5333666666666,"richmond"
66,4,46.8940666666667,"richmond"
66,5,49.536,"richmond"
66,6,54.6064666666666,"richmond"
66,7,66.1000333333333,"richmond"
67,1,44.9756666666667,"richmond"
67,2,42.9049333333333,"richmond"
67,3,43.2996333333334,"richmond"
67,4,46.2407333333333,"richmond"
67,5,61.6348666666667,"richmond"
67,6,149.846666666667,"richmond"
67,7,120.8063,"richmond"
68,1,43.8389666666666,"richmond"
68,2,46.7220666666667,"richmond"
68,3,63.1476,"richmond"
68,4,218.4902,"richmond"
68,5,166.268333333333,"richmond"
68,6,107.6359,"richmond"
68,7,53.2271,"richmond"
69,1,67.2792333333333,"richmond"
69,2,239.359633333333,"richmond"
69,3,212.006066666667,"richmond"
69,4,134.045033333333,"richmond"
69,5,57.5707,"richmond"
69,6,60.5211666666667,"richmond"
69,7,72.3661666666667,"richmond"
70,1,85.1295666666667,"richmond"
70,2,54.6147333333334,"richmond"
70,3,50.7806,"richmond"
70,4,55.9032,"richmond"
70,5,59.0106666666667,"richmond"
70,6,73.2772333333333,"richmond"
70,7,104.8402,"richmond"
71,1,49.2309333333333,"richmond"
71,2,52.8832,"richmond"
71,3,58.3013,"richmond"
71,4,72.7433,"richmond"
71,5,119.672933333333,"richmond"
71,6,80.4274666666667,"richmond"
71,7,54.9447666666667,"richmond"
72,1,54.4899333333333,"richmond"
72,2,69.0992,"richmond"
72,3,118.2088,"richmond"
72,4,85.4366666666667,"richmond"
72,5,58.4587666666666,"richmond"
72,6,50.1474666666667,"richmond"
72,7,52.1662333333333,"richmond"
73,1,96.5635333333333,"richmond"
73,2,86.4297999999999,"richmond"
73,3,57.6653,"richmond"
73,4,46.3076,"richmond"
73,5,45.4489333333333,"richmond"
73,6,49.0560333333333,"richmond"
73,7,63.7149666666667,"richmond"
74,1,51.2674333333333,"richmond"
74,2,45.4528333333334,"richmond"
74,3,47.2646,"richmond"
74,4,52.4353333333333,"richmond"
74,5,65.445,"richmond"
74,6,115.723733333333,"richmond"
74,7,83.7323,"richmond"
75,1,44.9830333333333,"richmond"
75,2,49.0919333333333,"richmond"
75,3,67.0603333333333,"richmond"
75,4,242.6379,"richmond"
75,5,216.592533333333,"richmond"
75,6,143.8606,"richmond"
75,7,60.6858,"richmond"
76,1,62.0476333333333,"richmond"
76,2,220.206333333333,"richmond"
76,3,172.753366666667,"richmond"
76,4,121.563466666667,"richmond"
76,5,58.7525333333333,"richmond"
76,6,58.9592333333333,"richmond"
76,7,70.0521,"richmond"
77,1,87.0423952380952,"richmond"
77,2,51.9293,"richmond"
77,3,45.0481,"richmond"
77,4,47.7840666666667,"richmond"
77,5,51.87,"richmond"
77,6,65.4137333333333,"richmond"
77,7,126.604166666667,"richmond"
78,1,43.5622333333334,"richmond"
78,2,45.6921,"richmond"
78,3,48.6109666666666,"richmond"
78,4,64.728,"richmond"
78,5,139.042733333333,"richmond"
78,6,106.435233333333,"richmond"
78,7,55.7965333333333,"richmond"
79,1,57.7149,"richmond"
79,2,68.7704666666667,"richmond"
79,3,118.1537,"richmond"
79,4,73.8011,"richmond"
79,5,55.0330333333333,"richmond"
79,6,55.1860666666667,"richmond"
79,7,60.6257,"richmond"
80,1,125.6004,"richmond"
80,2,74.0352,"richmond"
80,3,57.0322333333333,"richmond"
80,4,58.7729666666667,"richmond"
80,5,62.2549666666667,"richmond"
80,6,70.1579666666667,"richmond"
80,7,85.8726666666667,"richmond"
81,1,50.6108333333334,"richmond"
81,2,55.7141666666667,"richmond"
81,3,60.3451333333333,"richmond"
81,4,73.2993333333333,"richmond"
81,5,113.242333333333,"richmond"
81,6,103.062033333333,"richmond"
81,7,59.9799666666667,"richmond"
82,1,55.5605333333334,"richmond"
82,2,66.0516,"richmond"
82,3,133.9339,"richmond"
82,4,127.078233333333,"richmond"
82,5,73.1146,"richmond"
82,6,53.9862666666667,"richmond"
82,7,61.7436,"richmond"
83,1,145.887866666667,"richmond"
83,2,121.4263,"richmond"
83,3,75.6335,"richmond"
83,4,56.4804,"richmond"
83,5,67.059,"richmond"
83,6,82.3822666666667,"richmond"
83,7,84.7058666666668,"richmond"
84,1,50.9920666666666,"richmond"
84,2,51.1559666666667,"richmond"
84,3,54.9882,"richmond"
84,4,64.2192333333333,"richmond"
84,5,79.5211666666667,"richmond"
84,6,115.261266666667,"richmond"
84,7,72.4438,"richmond"
85,1,44.0833,"richmond"
85,2,50.4712333333333,"richmond"
85,3,71.4335666666667,"richmond"
85,4,142.3112,"richmond"
85,5,112.3087,"richmond"
85,6,60.0033333333333,"richmond"
85,7,55.1694333333333,"richmond"
86,1,62.6093333333333,"richmond"
86,2,127.900633333333,"richmond"
86,3,112.2906,"richmond"
86,4,59.1420333333333,"richmond"
86,5,47.0973666666666,"richmond"
86,6,49.8572666666666,"richmond"
86,7,54.4381809523809,"richmond"
87,1,79.3257666666667,"richmond"
87,2,44.2772333333334,"richmond"
87,3,44.7160333333334,"richmond"
87,4,44.6277666666667,"richmond"
87,5,47.4645,"richmond"
87,6,63.1999666666667,"richmond"
87,7,175.9495,"richmond"
88,1,43.0364,"richmond"
88,2,42.0627333333333,"richmond"
88,3,46.4069,"richmond"
88,4,64.0225333333333,"richmond"
88,5,142.307833333333,"richmond"
88,6,104.869266666667,"richmond"
88,7,59.7643,"richmond"
89,1,43.8016,"richmond"
89,2,60.9048666666667,"richmond"
89,3,99.6930666666667,"richmond"
89,4,65.1990333333333,"richmond"
89,5,39.0591333333333,"richmond"
89,6,38.9242,"richmond"
89,7,41.6441,"richmond"
90,1,98.8612,"richmond"
90,2,64.7903666666667,"richmond"
90,3,38.8687666666666,"richmond"
90,4,39.5195666666667,"richmond"
90,5,41.1393333333334,"richmond"
90,6,44.9829333333333,"richmond"
90,7,61.9094333333333,"richmond"
91,1,39.1303,"richmond"
91,2,39.9028,"richmond"
91,3,42.1584333333333,"richmond"
91,4,44.3379333333333,"richmond"
91,5,61.4513,"richmond"
91,6,114.757633333333,"richmond"
91,7,80.8207666666666,"richmond"
92,1,42.235,"richmond"
92,2,44.6779666666667,"richmond"
92,3,62.0678333333333,"richmond"
92,4,122.2064,"richmond"
92,5,88.2726000000001,"richmond"
92,6,52.5171333333333,"richmond"
92,7,46.6748333333333,"richmond"
93,1,66.5239333333333,"richmond"
93,2,143.596766666667,"richmond"
93,3,117.983633333333,"richmond"
93,4,62.222,"richmond"
93,5,52.1006666666667,"richmond"
93,6,65.8042333333334,"richmond"
93,7,88.4274666666667,"richmond"
94,1,80.6431333333333,"richmond"
94,2,47.3729,"richmond"
94,3,45.338,"richmond"
94,4,47.5090333333333,"richmond"
94,5,53.9572666666666,"richmond"
94,6,66.8459,"richmond"
94,7,152.021933333333,"richmond"
95,1,46.6970666666667,"richmond"
95,2,49.008,"richmond"
95,3,56.3142333333334,"richmond"
95,4,67.9716333333333,"richmond"
95,5,144.605566666667,"richmond"
95,6,110.0256,"richmond"
95,7,60.3791666666667,"richmond"
96,1,55.1217,"richmond"
96,2,68.78,"richmond"
96,3,128.032066666667,"richmond"
96,4,129.095333333333,"richmond"
96,5,105.1402,"richmond"
96,6,58.3435666666667,"richmond"
96,7,59.9611333333333,"richmond"
97,1,120.115333333333,"richmond"
97,2,77.4816428571428,"richmond"
97,3,49.2614666666667,"richmond"
97,4,49.7900333333333,"richmond"
97,5,52.3188,"richmond"
97,6,58.6269666666667,"richmond"
97,7,73.0380476190476,"richmond"
98,1,190.8329,"richmond"
98,2,57.5922666666666,"richmond"
98,3,57.8503,"richmond"
98,4,61.7683666666667,"richmond"
98,5,80.5689,"richmond"
98,6,95.3429666666667,"richmond"
98,7,119.6464,"richmond"
99,1,46.5934666666667,"richmond"
99,2,48.0011666666666,"richmond"
99,3,60.6733238095238,"richmond"
99,4,91.7618666666666,"richmond"
99,5,117.1923,"richmond"
99,6,71.0971333333333,"richmond"
99,7,51.3266666666667,"richmond"
100,1,55.7640666666667,"richmond"
100,2,87.3217666666667,"richmond"
100,3,113.001266666667,"richmond"
100,4,70.6873666666666,"richmond"
100,5,49.482,"richmond"
100,6,46.6201666666666,"richmond"
100,7,51.0179333333333,"richmond"
101,1,110.830733333333,"richmond"
101,2,78.2685333333333,"richmond"
101,3,49.9501333333333,"richmond"
101,4,47.6745333333333,"richmond"
101,5,51.257,"richmond"
101,6,58.3680666666667,"richmond"
101,7,76.5495333333333,"richmond"
102,1,42.3473666666667,"richmond"
102,2,45.8898333333333,"richmond"
102,3,48.5498333333333,"richmond"
102,4,64.6321666666666,"richmond"
102,5,123.231566666667,"richmond"
102,6,78.7441333333333,"richmond"
102,7,49.7661,"richmond"
103,1,49.6801,"richmond"
103,2,65.1043333333334,"richmond"
103,3,123.890266666667,"richmond"
103,4,80.8273666666667,"richmond"
103,5,50.4703333333333,"richmond"
103,6,47.7455333333333,"richmond"
103,7,51.1907666666667,"richmond"
104,1,117.3756,"richmond"
104,2,80.7776333333333,"richmond"
104,3,55.9345333333333,"richmond"
104,4,47.4599333333333,"richmond"
104,5,49.7728333333333,"richmond"
104,6,55.4719333333333,"richmond"
104,7,66.1492,"richmond"
